Workbook

Sheet 1 sleep
A1: study_word | B1: thisN | C1: thisTrialN | D1: thisRepN | E1: StudySlider.response | F1: StudySlider.rt | G1: test_word | H1: Reference | I1: old_new | J1: test_textbox.text | K1: testmouse.x | L1: testmouse.y | M1: testmouse.leftButton | N1: testmouse.midButton | O1: testmouse.rightButton | P1: testmouse.time | Q1: testmouse.clicked_name | R1: trials.thisRepN | S1: trials.thisTrialN | T1: trials.thisN | U1: trials.thisIndex | V1: trials_2.thisRepN | W1: trials_2.thisTrialN | X1: trials_2.thisN | Y1: trials_2.thisIndex | Z1: thisRow.t | AA1: notes | AB1: trial.started | AC1: StudyText.started | AD1: StudySlider.started | AE1: trial.stopped | AF1: trials.StudySlider.response | AG1: trials.StudySlider.rt | AH1: Test_Phase.started | AI1: TestText.started | AJ1: test_textbox.started | AK1: submit_text.started | AL1: testmouse.started | AM1: Test_Phase.stopped | AN1: trials_2.test_textbox.text | AO1: trials_2.testmouse.x | AP1: trials_2.testmouse.y | AQ1: trials_2.testmouse.leftButton | AR1: trials_2.testmouse.midButton | AS1: trials_2.testmouse.rightButton | AT1: trials_2.testmouse.time | AU1: trials_2.testmouse.clicked_name | AV1: TestText.stopped | AW1: test_textbox.stopped | AX1: submit_text.stopped | AY1: testmouse.stopped | AZ1: participant | BA1: session | BB1: date | BC1: expName | BD1: expVersion | BE1: psychopyVersion | BF1: frameRate | BG1: expStart
A2: audacious | B2: 0 | C2: 0 | D2: 0 | E2: 1 | F2: 3.1349707 | R2: 0 | S2: 0 | T2: 0 | U2: 12 | Z2: 0.040640541 | AB2: 0.027080375 | AC2: 0.040640541 | AD2: 0.040640541 | AE2: 3.1704876 | AF2: 1 | AG2: 3.1349707 | AZ2: 1 | BA2: 1 | BB2: 2025-11-08_23h53.41.348 | BC2: word_priming_sp | BE2: 2025.1.1 | BF2: 120.77161 | BG2: 2025-11-08 23h53.47.999473 +0530
A3: parsimony | B3: 1 | C3: 1 | D3: 0 | E3: 4.971223 | F3: 2.0872392 | R3: 0 | S3: 1 | T3: 1 | U3: 18 | Z3: 3.180851 | AB3: 3.1742484 | AC3: 3.180851 | AD3: 3.180851 | AE3: 5.2705326 | AF3: 4.971223 | AG3: 2.0872392 | AZ3: 1 | BA3: 1 | BB3: 2025-11-08_23h53.41.348 | BC3: word_priming_sp | BE3: 2025.1.1 | BF3: 120.77161 | BG3: 2025-11-08 23h53.47.999473 +0530
A4: parlance | B4: 2 | C4: 2 | D4: 0 | E4: 5 | F4: 2.4386932 | R4: 0 | S4: 2 | T4: 2 | U4: 11 | Z4: 5.2799035 | AB4: 5.2733377 | AC4: 5.2799035 | AD4: 5.2799035 | AE4: 7.7208772 | AF4: 5 | AG4: 2.4386932 | AZ4: 1 | BA4: 1 | BB4: 2025-11-08_23h53.41.348 | BC4: word_priming_sp | BE4: 2025.1.1 | BF4: 120.77161 | BG4: 2025-11-08 23h53.47.999473 +0530
A5: carpet | B5: 3 | C5: 3 | D5: 0 | E5: 1.0395683 | F5: 2.3388095 | R5: 0 | S5: 3 | T5: 3 | U5: 1 | Z5: 7.7292315 | AB5: 7.7226922 | AC5: 7.7292315 | AD5: 7.7292315 | AE5: 10.070828 | AF5: 1.0395683 | AG5: 2.3388095 | AZ5: 1 | BA5: 1 | BB5: 2025-11-08_23h53.41.348 | BC5: word_priming_sp | BE5: 2025.1.1 | BF5: 120.77161 | BG5: 2025-11-08 23h53.47.999473 +0530
A6: cacophony | B6: 4 | C6: 4 | D6: 0 | E6: 1.0395683 | F6: 1.2714197 | R6: 0 | S6: 4 | T6: 4 | U6: 16 | Z6: 10.079982 | AB6: 10.073521 | AC6: 10.079982 | AD6: 10.079982 | AE6: 11.354165 | AF6: 1.0395683 | AG6: 1.2714197 | AZ6: 1 | BA6: 1 | BB6: 2025-11-08_23h53.41.348 | BC6: word_priming_sp | BE6: 2025.1.1 | BF6: 120.77161 | BG6: 2025-11-08 23h53.47.999473 +0530
A7: esoteric | B7: 5 | C7: 5 | D7: 0 | E7: 1.0395683 | F7: 1.7562688 | R7: 0 | S7: 5 | T7: 5 | U7: 17 | Z7: 11.362748 | AB7: 11.356173 | AC7: 11.362748 | AD7: 11.362748 | AE7: 13.119709 | AF7: 1.0395683 | AG7: 1.7562688 | AZ7: 1 | BA7: 1 | BB7: 2025-11-08_23h53.41.348 | BC7: word_priming_sp | BE7: 2025.1.1 | BF7: 120.77161 | BG7: 2025-11-08 23h53.47.999473 +0530
A8: minimum | B8: 6 | C8: 6 | D8: 0 | E8: 1.0395683 | F8: 0.88992892 | R8: 0 | S8: 6 | T8: 6 | U8: 8 | Z8: 13.128843 | AB8: 13.121835 | AC8: 13.128843 | AD8: 13.128843 | AE8: 14.020846 | AF8: 1.0395683 | AG8: 0.88992892 | AZ8: 1 | BA8: 1 | BB8: 2025-11-08_23h53.41.348 | BC8: word_priming_sp | BE8: 2025.1.1 | BF8: 120.77161 | BG8: 2025-11-08 23h53.47.999473 +0530
A9: sandwich | B9: 7 | C9: 7 | D9: 0 | E9: 1.0395683 | F9: 0.82175312 | R9: 0 | S9: 7 | T9: 7 | U9: 2 | Z9: 14.030172 | AB9: 14.023483 | AC9: 14.030172 | AD9: 14.030172 | AE9: 14.854244 | AF9: 1.0395683 | AG9: 0.82175312 | AZ9: 1 | BA9: 1 | BB9: 2025-11-08_23h53.41.348 | BC9: word_priming_sp | BE9: 2025.1.1 | BF9: 120.77161 | BG9: 2025-11-08 23h53.47.999473 +0530
A10: vicarious | B10: 8 | C10: 8 | D10: 0 | E10: 1.0395683 | F10: 0.905076 | R10: 0 | S10: 8 | T10: 8 | U10: 19 | Z10: 14.863296 | AB10: 14.856856 | AC10: 14.863296 | AD10: 14.863296 | AE10: 15.770859 | AF10: 1.0395683 | AG10: 0.905076 | AZ10: 1 | BA10: 1 | BB10: 2025-11-08_23h53.41.348 | BC10: word_priming_sp | BE10: 2025.1.1 | BF10: 120.77161 | BG10: 2025-11-08 23h53.47.999473 +0530
A11: book | B11: 9 | C11: 9 | D11: 0 | E11: 1.0395683 | F11: 0.63874875 | R11: 0 | S11: 9 | T11: 9 | U11: 0 | Z11: 15.779265 | AB11: 15.772648 | AC11: 15.779265 | AD11: 15.779265 | AE11: 16.420733 | AF11: 1.0395683 | AG11: 0.63874875 | AZ11: 1 | BA11: 1 | BB11: 2025-11-08_23h53.41.348 | BC11: word_priming_sp | BE11: 2025.1.1 | BF11: 120.77161 | BG11: 2025-11-08 23h53.47.999473 +0530
A12: beguile | B12: 10 | C12: 10 | D12: 0 | E12: 1.0395683 | F12: 1.188211 | R12: 0 | S12: 10 | T12: 10 | U12: 14 | Z12: 16.429896 | AB12: 16.423165 | AC12: 16.429896 | AD12: 16.429896 | AE12: 17.620325 | AF12: 1.0395683 | AG12: 1.188211 | AZ12: 1 | BA12: 1 | BB12: 2025-11-08_23h53.41.348 | BC12: word_priming_sp | BE12: 2025.1.1 | BF12: 120.77161 | BG12: 2025-11-08 23h53.47.999473 +0530
A13: alluvium | B13: 11 | C13: 11 | D13: 0 | E13: 4.971223 | F13: 2.5226711 | R13: 0 | S13: 11 | T13: 11 | U13: 13 | Z13: 17.628937 | AB13: 17.622268 | AC13: 17.628937 | AD13: 17.628937 | AE13: 20.154208 | AF13: 4.971223 | AG13: 2.5226711 | AZ13: 1 | BA13: 1 | BB13: 2025-11-08_23h53.41.348 | BC13: word_priming_sp | BE13: 2025.1.1 | BF13: 120.77161 | BG13: 2025-11-08 23h53.47.999473 +0530
... A21: cruise | B21: 19 | C21: 19 | D21: 0 | E21: 1 | F21: 0.77243167 | R21: 0 | S21: 19 | T21: 19 | U21: 9 | Z21: 27.446036 | AB21: 27.439305 | AC21: 27.446036 | AD21: 27.446036 | AE21: 28.220594 | AF21: 1 | AG21: 0.77243167 | AZ21: 1 | BA21: 1 | BB21: 2025-11-08_23h53.41.348 | BC21: word_priming_sp | BE21: 2025.1.1 | BF21: 120.77161 | BG21: 2025-11-08 23h53.47.999473 +0530
B22: 0 | C22: 0 | D22: 0 | G22: _ru_s_ | H22: cruise | I22: old | J22: cruise | K22: [np.float64(-0.044964028776978415)] | L22: [np.float64(-0.30035971223021585)] | M22: [1] | N22: [0] | O22: [0] | P22: [5.44765574997291] | Q22: ['submit_text'] | V22: 0 | W22: 0 | X22: 0 | Y22: 9 | Z22: 28.239758 | AH22: 28.231422 | AI22: 28.239758 | AJ22: 28.239758 | AK22: 28.239758 | AL22: 0.0108415 | AM22: 33.679233 | AN22: cruise | AO22: [np.float64(-0.044964028776978415)] | AP22: [np.float64(-0.30035971223021585)] | AQ22: [1] | AR22: [0] | AS22: [0] | AT22: [5.44765574997291] | AU22: ['submit_text'] | AZ22: 1 | BA22: 1 | BB22: 2025-11-08_23h53.41.348 | BC22: word_priming_sp | BE22: 2025.1.1 | BF22: 120.77161 | BG22: 2025-11-08 23h53.47.999473 +0530
B23: 1 | C23: 1 | D23: 0 | G23: _i_a _io_s | H23: vicarious | I23: old | J23: ei | K23: [] | L23: [] | M23: [] | N23: [] | O23: [] | P23: [] | Q23: [] | V23: 0 | W23: 1 | X23: 1 | Y23: 19 | Z23: 33.690779 | AH23: 33.681429 | AI23: 33.690779 | AJ23: 33.690779 | AK23: 33.690779 | AL23: 0.0020650839 | AM23: 43.678657 | AN23: ei | AO23: [] | AP23: [] | AQ23: [] | AR23: [] | AS23: [] | AT23: [] | AU23: [] | AV23: 43.691149 | AW23: 43.691149 | AX23: 43.691149 | AY23: 9.9990759 | AZ23: 1 | BA23: 1 | BB23: 2025-11-08_23h53.41.348 | BC23: word_priming_sp | BE23: 2025.1.1 | BF23: 120.77161 | BG23: 2025-11-08 23h53.47.999473 +0530
B24: 2 | C24: 2 | D24: 0 | G24: _en_il | H24: pencil | I24: new | K24: [np.float64(0.019784172661870502)] | L24: [np.float64(-0.302158273381295)] | M24: [1] | N24: [0] | O24: [0] | P24: [6.144047166919336] | Q24: ['submit_text'] | V24: 0 | W24: 2 | X24: 2 | Y24: 22 | Z24: 43.691149 | AH24: 43.681723 | AI24: 43.691149 | AJ24: 43.691149 | AK24: 43.691149 | AL24: 0.0023614999 | AM24: 49.825964 | AO24: [np.float64(0.019784172661870502)] | AP24: [np.float64(-0.302158273381295)] | AQ24: [1] | AR24: [0] | AS24: [0] | AT24: [6.144047166919336] | AU24: ['submit_text'] | AZ24: 1 | BA24: 1 | BB24: 2025-11-08_23h53.41.348 | BC24: word_priming_sp | BE24: 2025.1.1 | BF24: 120.77161 | BG24: 2025-11-08 23h53.47.999473 +0530
B25: 3 | C25: 3 | D25: 0 | G25: e_o_ _r_c | H25: esoteric | I25: old | J25: esoteric | K25: [np.float64(0.006294964028776978)] | L25: [np.float64(-0.2994604316546763)] | M25: [1] | N25: [0] | O25: [0] | P25: [5.6182179159950465] | Q25: ['submit_text'] | V25: 0 | W25: 3 | X25: 3 | Y25: 17 | Z25: 49.837193 | AH25: 49.827941 | AI25: 49.837193 | AJ25: 49.837193 | AK25: 49.837193 | AL25: 0.001840167 | AM25: 55.446317 | AN25: esoteric | AO25: [np.float64(0.006294964028776978)] | AP25: [np.float64(-0.2994604316546763)] | AQ25: [1] | AR25: [0] | AS25: [0] | AT25: [5.6182179159950465] | AU25: ['submit_text'] | AZ25: 1 | BA25: 1 | BB25: 2025-11-08_23h53.41.348 | BC25: word_priming_sp | BE25: 2025.1.1 | BF25: 120.77161 | BG25: 2025-11-08 23h53.47.999473 +0530
B26: 4 | C26: 4 | D26: 0 | G26: sa_d_ _ c_ | H26: sandwich | I26: old | J26: sandwhich | K26: [] | L26: [] | M26: [] | N26: [] | O26: [] | P26: [] | Q26: [] | V26: 0 | W26: 4 | X26: 4 | Y26: 2 | Z26: 55.457816 | AH26: 55.449251 | AI26: 55.457816 | AJ26: 55.457816 | AK26: 55.457816 | AL26: 0.0028008751 | AM26: 65.444708 | AN26: sandwhich | AO26: [] | AP26: [] | AQ26: [] | AR26: [] | AS26: [] | AT26: [] | AU26: [] | AV26: 65.457434 | AW26: 65.457434 | AX26: 65.457434 | AY26: 9.9980502 | AZ26: 1 | BA26: 1 | BB26: 2025-11-08_23h53.41.348 | BC26: word_priming_sp | BE26: 2025.1.1 | BF26: 120.77161 | BG26: 2025-11-08 23h53.47.999473 +0530
B27: 5 | C27: 5 | D27: 0 | G27: c_m_r_ | H27: camera | I27: new | J27: camera | K27: [np.float64(0.08273381294964029), np.float64(0.05485611510791367)] | L27: [np.float64(-0.24280575539568344), np.float64(-0.3129496402877698)] | M27: [1, 1] | N27: [0, 0] | O27: [0, 0] | P27: [4.49948504101485, 5.381624165922403] | Q27: [None, 'submit_text'] | V27: 0 | W27: 5 | X27: 5 | Y27: 23 | Z27: 65.457434 | AH27: 65.447311 | AI27: 65.457434 | AJ27: 65.457434 | AK27: 65.457434 | AL27: 0.000864167 | AM27: 70.829161 | AN27: camera | AO27: [np.float64(0.08273381294964029), np.float64(0.05485611510791367)] | AP27: [np.float64(-0.24280575539568344), np.float64(-0.3129496402877698)] | AQ27: [1, 1] | AR27: [0, 0] | AS27: [0, 0] | AT27: [4.49948504101485, 5.381624165922403] | AU27: [None, 'submit_text'] | AZ27: 1 | BA27: 1 | BB27: 2025-11-08_23h53.41.348 | BC27: word_priming_sp | BE27: 2025.1.1 | BF27: 120.77161 | BG27: 2025-11-08 23h53.47.999473 +0530
B28: 6 | C28: 6 | D28: 0 | G28: b_gu_l_ | H28: beguile | I28: old | J28: beguile | K28: [np.float64(0.05485611510791367)] | L28: [np.float64(-0.31384892086330934)] | M28: [1] | N28: [0] | O28: [0] | P28: [4.3649273328483105] | Q28: ['submit_text'] | V28: 0 | W28: 6 | X28: 6 | Y28: 14 | Z28: 70.841038 | AH28: 70.831382 | AI28: 70.841038 | AJ28: 70.841038 | AK28: 70.841038 | AL28: 0.002084417 | AM28: 75.196531 | AN28: beguile | AO28: [np.float64(0.05485611510791367)] | AP28: [np.float64(-0.31384892086330934)] | AQ28: [1] | AR28: [0] | AS28: [0] | AT28: [4.3649273328483105] | AU28: ['submit_text'] | AZ28: 1 | BA28: 1 | BB28: 2025-11-08_23h53.41.348 | BC28: word_priming_sp | BE28: 2025.1.1 | BF28: 120.77161 | BG28: 2025-11-08 23h53.47.999473 +0530
B29: 7 | C29: 7 | D29: 0 | G29: _h_ls_ | H29: whilst | I29: old | K29: [np.float64(0.05485611510791367)] | L29: [np.float64(-0.31384892086330934)] | M29: [1] | N29: [0] | O29: [0] | P29: [4.979707333026454] | Q29: ['submit_text'] | V29: 0 | W29: 7 | X29: 7 | Y29: 7 | Z29: 75.207677 | AH29: 75.198877 | AI29: 75.207677 | AJ29: 75.207677 | AK29: 75.207677 | AL29: 0.002216666 | AM29: 80.178797 | AO29: [np.float64(0.05485611510791367)] | AP29: [np.float64(-0.31384892086330934)] | AQ29: [1] | AR29: [0] | AS29: [0] | AT29: [4.979707333026454] | AU29: ['submit_text'] | AZ29: 1 | BA29: 1 | BB29: 2025-11-08_23h53.41.348 | BC29: word_priming_sp | BE29: 2025.1.1 | BF29: 120.77161 | BG29: 2025-11-08 23h53.47.999473 +0530
B30: 8 | C30: 8 | D30: 0 | G30: o_sc_r_ | H30: obscure | I30: new | K30: [np.float64(0.05485611510791367)] | L30: [np.float64(-0.31384892086330934)] | M30: [1] | N30: [0] | O30: [0] | P30: [4.298369958996773] | Q30: ['submit_text'] | V30: 0 | W30: 8 | X30: 8 | Y30: 24 | Z30: 80.188574 | AH30: 80.180721 | AI30: 80.188574 | AJ30: 80.188574 | AK30: 80.188574 | AL30: 0.0018393751 | AM30: 84.479273 | AO30: [np.float64(0.05485611510791367)] | AP30: [np.float64(-0.31384892086330934)] | AQ30: [1] | AR30: [0] | AS30: [0] | AT30: [4.298369958996773] | AU30: ['submit_text'] | AZ30: 1 | BA30: 1 | BB30: 2025-11-08_23h53.41.348 | BC30: word_priming_sp | BE30: 2025.1.1 | BF30: 120.77161 | BG30: 2025-11-08 23h53.47.999473 +0530
B31: 9 | C31: 9 | D31: 0 | G31: _oo_h | H31: booth | I31: old | K31: [np.float64(0.05485611510791367)] | L31: [np.float64(-0.31384892086330934)] | M31: [1] | N31: [0] | O31: [0] | P31: [3.3468433341477066] | Q31: ['submit_text'] | V31: 0 | W31: 9 | X31: 9 | Y31: 5 | Z31: 84.489424 | AH31: 84.481427 | AI31: 84.489424 | AJ31: 84.489424 | AK31: 84.489424 | AL31: 0.0020605419 | AM31: 87.828466 | AO31: [np.float64(0.05485611510791367)] | AP31: [np.float64(-0.31384892086330934)] | AQ31: [1] | AR31: [0] | AS31: [0] | AT31: [3.3468433341477066] | AU31: ['submit_text'] | AZ31: 1 | BA31: 1 | BB31: 2025-11-08_23h53.41.348 | BC31: word_priming_sp | BE31: 2025.1.1 | BF31: 120.77161 | BG31: 2025-11-08 23h53.47.999473 +0530
B32: 10 | C32: 10 | D32: 0 | G32: _a_l_nc_ | H32: parlance | I32: old | K32: [np.float64(0.0737410071942446)] | L32: [np.float64(-0.3120503597122302)] | M32: [1] | N32: [0] | O32: [0] | P32: [2.83115854091011] | Q32: ['submit_text'] | V32: 0 | W32: 10 | X32: 10 | Y32: 11 | Z32: 87.853186 | AH32: 87.83005 | AI32: 87.853186 | AJ32: 87.853186 | AK32: 87.853186 | AL32: 0.0014956249 | AM32: 90.661363 | AO32: [np.float64(0.0737410071942446)] | AP32: [np.float64(-0.3120503597122302)] | AQ32: [1] | AR32: [0] | AS32: [0] | AT32: [2.83115854091011] | AU32: ['submit_text'] | AZ32: 1 | BA32: 1 | BB32: 2025-11-08_23h53.41.348 | BC32: word_priming_sp | BE32: 2025.1.1 | BF32: 120.77161 | BG32: 2025-11-08 23h53.47.999473 +0530
B33: 11 | C33: 11 | D33: 0 | G33: b_o_ | H33: book | I33: old | J33: booth | K33: [np.float64(0.0737410071942446)] | L33: [np.float64(-0.3120503597122302)] | M33: [1] | N33: [0] | O33: [0] | P33: [2.932598624844104] | Q33: ['submit_text'] | V33: 0 | W33: 11 | X33: 11 | Y33: 0 | Z33: 90.669808 | AH33: 90.662734 | AI33: 90.669808 | AJ33: 90.669808 | AK33: 90.669808 | AL33: 0.0012868331 | AM33: 93.595504 | AN33: booth | AO33: [np.float64(0.0737410071942446)] | AP33: [np.float64(-0.3120503597122302)] | AQ33: [1] | AR33: [0] | AS33: [0] | AT33: [2.932598624844104] | AU33: ['submit_text'] | AZ33: 1 | BA33: 1 | BB33: 2025-11-08_23h53.41.348 | BC33: word_priming_sp | BE33: 2025.1.1 | BF33: 120.77161 | BG33: 2025-11-08 23h53.47.999473 +0530
B34: 12 | C34: 12 | D34: 0 | G34: la_g_ _e_ | H34: laughter | I34: old | J34: langg | K34: [] | L34: [] | M34: [] | N34: [] | O34: [] | P34: [] | Q34: [] | V34: 0 | W34: 12 | X34: 12 | Y34: 6 | Z34: 93.607731 | AH34: 93.598073 | AI34: 93.607731 | AJ34: 93.607731 | AK34: 93.607731 | AL34: 0.002475458 | AM34: 103.59459 | AN34: langg | AO34: [] | AP34: [] | AQ34: [] | AR34: [] | AS34: [] | AT34: [] | AU34: [] | AV34: 103.60678 | AW34: 103.60678 | AX34: 103.60678 | AY34: 9.9988022 | AZ34: 1 | BA34: 1 | BB34: 2025-11-08_23h53.41.348 | BC34: word_priming_sp | BE34: 2025.1.1 | BF34: 120.77161 | BG34: 2025-11-08 23h53.47.999473 +0530
B35: 13 | C35: 13 | D35: 0 | G35: pa_s_m_ _y | H35: parsimony | I35: old | J35: passomany | K35: [np.float64(0.0737410071942446)] | L35: [np.float64(-0.3120503597122302)] | M35: [1] | N35: [0] | O35: [0] | P35: [9.584235292160884] | Q35: ['submit_text'] | V35: 0 | W35: 13 | X35: 13 | Y35: 18 | Z35: 103.60678 | AH35: 103.59709 | AI35: 103.60678 | AJ35: 103.60678 | AK35: 103.60678 | AL35: 0.001491833 | AM35: 113.18153 | AN35: passomany | AO35: [np.float64(0.0737410071942446)] | AP35: [np.float64(-0.3120503597122302)] | AQ35: [1] | AR35: [0] | AS35: [0] | AT35: [9.584235292160884] | AU35: ['submit_text'] | AZ35: 1 | BA35: 1 | BB35: 2025-11-08_23h53.41.348 | BC35: word_priming_sp | BE35: 2025.1.1 | BF35: 120.77161 | BG35: 2025-11-08 23h53.47.999473 +0530
B36: 14 | C36: 14 | D36: 0 | G36: _in_ _u_ | H36: minimum | I36: old | K36: [np.float64(0.0737410071942446)] | L36: [np.float64(-0.3120503597122302)] | M36: [1] | N36: [0] | O36: [0] | P36: [1.8106912919320166] | Q36: ['submit_text'] | V36: 0 | W36: 14 | X36: 14 | Y36: 8 | Z36: 113.1917 | AH36: 113.18385 | AI36: 113.1917 | AJ36: 113.1917 | AK36: 113.1917 | AL36: 0.0021847498 | AM36: 114.99473 | AO36: [np.float64(0.0737410071942446)] | AP36: [np.float64(-0.3120503597122302)] | AQ36: [1] | AR36: [0] | AS36: [0] | AT36: [1.8106912919320166] | AU36: ['submit_text'] | AZ36: 1 | BA36: 1 | BB36: 2025-11-08_23h53.41.348 | BC36: word_priming_sp | BE36: 2025.1.1 | BF36: 120.77161 | BG36: 2025-11-08 23h53.47.999473 +0530
B37: 15 | C37: 15 | D37: 0 | G37: p_ _e | H37: page | I37: new | J37: pipe | K37: [np.float64(0.0737410071942446)] | L37: [np.float64(-0.3120503597122302)] | M37: [1] | N37: [0] | O37: [0] | P37: [4.63202212494798] | Q37: ['submit_text'] | V37: 0 | W37: 15 | X37: 15 | Y37: 21 | Z37: 115.00381 | AH37: 114.99639 | AI37: 115.00381 | AJ37: 115.00381 | AK37: 115.00381 | AL37: 0.0015683342 | AM37: 119.62861 | AN37: pipe | AO37: [np.float64(0.0737410071942446)] | AP37: [np.float64(-0.3120503597122302)] | AQ37: [1] | AR37: [0] | AS37: [0] | AT37: [4.63202212494798] | AU37: ['submit_text'] | AZ37: 1 | BA37: 1 | BB37: 2025-11-08_23h53.41.348 | BC37: word_priming_sp | BE37: 2025.1.1 | BF37: 120.77161 | BG37: 2025-11-08 23h53.47.999473 +0530
B38: 16 | C38: 16 | D38: 0 | G38: ca_o_h_ _y | H38: cacophony | I38: old | J38: cacophony | K38: [np.float64(0.0737410071942446)] | L38: [np.float64(-0.3120503597122302)] | M38: [1] | N38: [0] | O38: [0] | P38: [5.4473572911228985] | Q38: ['submit_text'] | V38: 0 | W38: 16 | X38: 16 | Y38: 16 | Z38: 119.64047 | AH38: 119.63115 | AI38: 119.64047 | AJ38: 119.64047 | AK38: 119.64047 | AL38: 0.002430375 | AM38: 125.07873 | AN38: cacophony | AO38: [np.float64(0.0737410071942446)] | AP38: [np.float64(-0.3120503597122302)] | AQ38: [1] | AR38: [0] | AS38: [0] | AT38: [5.4473572911228985] | AU38: ['submit_text'] | AZ38: 1 | BA38: 1 | BB38: 2025-11-08_23h53.41.348 | BC38: word_priming_sp | BE38: 2025.1.1 | BF38: 120.77161 | BG38: 2025-11-08 23h53.47.999473 +0530
B39: 17 | C39: 17 | D39: 0 | G39: _os_ | H39: hose | I39: old | K39: [np.float64(0.08183453237410072)] | L39: [np.float64(-0.295863309352518)] | M39: [1] | N39: [0] | O39: [0] | P39: [2.1310519999824464] | Q39: ['submit_text'] | V39: 0 | W39: 17 | X39: 17 | Y39: 4 | Z39: 125.08984 | AH39: 125.08025 | AI39: 125.08984 | AJ39: 125.08984 | AK39: 125.08984 | AL39: 0.0014372091 | AM39: 127.21149 | AO39: [np.float64(0.08183453237410072)] | AP39: [np.float64(-0.295863309352518)] | AQ39: [1] | AR39: [0] | AS39: [0] | AT39: [2.1310519999824464] | AU39: ['submit_text'] | AZ39: 1 | BA39: 1 | BB39: 2025-11-08_23h53.41.348 | BC39: word_priming_sp | BE39: 2025.1.1 | BF39: 120.77161 | BG39: 2025-11-08 23h53.47.999473 +0530
B40: 18 | C40: 18 | D40: 0 | G40: _l_u_ia_ | H40: alluvium | I40: old | K40: [np.float64(-0.015287769784172662)] | L40: [np.float64(-0.32194244604316546)] | M40: [1] | N40: [0] | O40: [0] | P40: [6.181590208085254] | Q40: ['submit_text'] | V40: 0 | W40: 18 | X40: 18 | Y40: 13 | Z40: 127.22034 | AH40: 127.21311 | AI40: 127.22034 | AJ40: 127.22034 | AK40: 127.22034 | AL40: 0.0015332079 | AM40: 133.39489 | AO40: [np.float64(-0.015287769784172662)] | AP40: [np.float64(-0.32194244604316546)] | AQ40: [1] | AR40: [0] | AS40: [0] | AT40: [6.181590208085254] | AU40: ['submit_text'] | AZ40: 1 | BA40: 1 | BB40: 2025-11-08_23h53.41.348 | BC40: word_priming_sp | BE40: 2025.1.1 | BF40: 120.77161 | BG40: 2025-11-08 23h53.47.999473 +0530
B41: 19 | C41: 19 | D41: 0 | G41: c_ _hi_n | H41: cushion | I41: new | J41: cushion | K41: [np.float64(0.04316546762589928)] | L41: [np.float64(-0.3066546762589928)] | M41: [1] | N41: [0] | O41: [0] | P41: [4.882273209048435] | Q41: ['submit_text'] | V41: 0 | W41: 19 | X41: 19 | Y41: 20 | Z41: 133.41974 | AH41: 133.3968 | AI41: 133.41974 | AJ41: 133.41974 | AK41: 133.41974 | AL41: 0.001825084 | AM41: 138.27928 | AN41: cushion | AO41: [np.float64(0.04316546762589928)] | AP41: [np.float64(-0.3066546762589928)] | AQ41: [1] | AR41: [0] | AS41: [0] | AT41: [4.882273209048435] | AU41: ['submit_text'] | AZ41: 1 | BA41: 1 | BB41: 2025-11-08_23h53.41.348 | BC41: word_priming_sp | BE41: 2025.1.1 | BF41: 120.77161 | BG41: 2025-11-08 23h53.47.999473 +0530
B42: 20 | C42: 20 | D42: 0 | G42: _ a_pe_ | H42: carpet | I42: old | K42: [np.float64(0.044064748201438846)] | L42: [np.float64(-0.3066546762589928)] | M42: [1] | N42: [0] | O42: [0] | P42: [1.6794740830082446] | Q42: ['submit_text'] | V42: 0 | W42: 20 | X42: 20 | Y42: 1 | Z42: 138.29053 | AH42: 138.28157 | AI42: 138.29053 | AJ42: 138.29053 | AK42: 138.29053 | AL42: 0.0021952081 | AM42: 139.96127 | AO42: [np.float64(0.044064748201438846)] | AP42: [np.float64(-0.3066546762589928)] | AQ42: [1] | AR42: [0] | AS42: [0] | AT42: [1.6794740830082446] | AU42: ['submit_text'] | AZ42: 1 | BA42: 1 | BB42: 2025-11-08_23h53.41.348 | BC42: word_priming_sp | BE42: 2025.1.1 | BF42: 120.77161 | BG42: 2025-11-08 23h53.47.999473 +0530
B43: 21 | C43: 21 | D43: 0 | G43: _e_or_ | H43: memory | I43: old | K43: [np.float64(0.047661870503597124)] | L43: [np.float64(-0.2976618705035971)] | M43: [1] | N43: [0] | O43: [0] | P43: [1.9147910829633474] | Q43: ['submit_text'] | V43: 0 | W43: 21 | X43: 21 | Y43: 3 | Z43: 139.98628 | AH43: 139.96294 | AI43: 139.98628 | AJ43: 139.98628 | AK43: 139.98628 | AL43: 0.0016034169 | AM43: 141.87792 | AO43: [np.float64(0.047661870503597124)] | AP43: [np.float64(-0.2976618705035971)] | AQ43: [1] | AR43: [0] | AS43: [0] | AT43: [1.9147910829633474] | AU43: ['submit_text'] | AZ43: 1 | BA43: 1 | BB43: 2025-11-08_23h53.41.348 | BC43: word_priming_sp | BE43: 2025.1.1 | BF43: 120.77161 | BG43: 2025-11-08 23h53.47.999473 +0530
B44: 22 | C44: 22 | D44: 0 | G44: i_si_i_ | H44: insipid | I44: old | J44: irsisis | K44: [np.float64(0.047661870503597124)] | L44: [np.float64(-0.2976618705035971)] | M44: [1] | N44: [0] | O44: [0] | P44: [6.515966958133504] | Q44: ['submit_text'] | V44: 0 | W44: 22 | X44: 22 | Y44: 15 | Z44: 141.90297 | AH44: 141.87955 | AI44: 141.90297 | AJ44: 141.90297 | AK44: 141.90297 | AL44: 0.001552084 | AM44: 148.39572 | AN44: irsisis | AO44: [np.float64(0.047661870503597124)] | AP44: [np.float64(-0.2976618705035971)] | AQ44: [1] | AR44: [0] | AS44: [0] | AT44: [6.515966958133504] | AU44: ['submit_text'] | AZ44: 1 | BA44: 1 | BB44: 2025-11-08_23h53.41.348 | BC44: word_priming_sp | BE44: 2025.1.1 | BF44: 120.77161 | BG44: 2025-11-08 23h53.47.999473 +0530
B45: 23 | C45: 23 | D45: 0 | G45: a_da_i_ _s | H45: audacious | I45: old | J45: audacious | K45: [np.float64(0.047661870503597124)] | L45: [np.float64(-0.2976618705035971)] | M45: [1] | N45: [0] | O45: [0] | P45: [4.0475150409620255] | Q45: ['submit_text'] | V45: 0 | W45: 23 | X45: 23 | Y45: 12 | Z45: 148.40699 | AH45: 148.39819 | AI45: 148.40699 | AJ45: 148.40699 | AK45: 148.40699 | AL45: 0.0023818752 | AM45: 152.44595 | AN45: audacious | AO45: [np.float64(0.047661870503597124)] | AP45: [np.float64(-0.2976618705035971)] | AQ45: [1] | AR45: [0] | AS45: [0] | AT45: [4.0475150409620255] | AU45: ['submit_text'] | AZ45: 1 | BA45: 1 | BB45: 2025-11-08_23h53.41.348 | BC45: word_priming_sp | BE45: 2025.1.1 | BF45: 120.77161 | BG45: 2025-11-08 23h53.47.999473 +0530
B46: 24 | C46: 24 | D46: 0 | G46: _ui_ _ | H46: quill | I46: old | J46: quill | K46: [np.float64(0.047661870503597124)] | L46: [np.float64(-0.2976618705035971)] | M46: [1] | N46: [0] | O46: [0] | P46: [3.030242082895711] | Q46: ['submit_text'] | V46: 0 | W46: 24 | X46: 24 | Y46: 10 | Z46: 152.45703 | AH46: 152.44829 | AI46: 152.45703 | AJ46: 152.45703 | AK46: 152.45703 | AL46: 0.0022497079 | AM46: 155.47878 | AN46: quill | AO46: [np.float64(0.047661870503597124)] | AP46: [np.float64(-0.2976618705035971)] | AQ46: [1] | AR46: [0] | AS46: [0] | AT46: [3.030242082895711] | AU46: ['submit_text'] | AZ46: 1 | BA46: 1 | BB46: 2025-11-08_23h53.41.348 | BC46: word_priming_sp | BE46: 2025.1.1 | BF46: 120.77161 | BG46: 2025-11-08 23h53.47.999473 +0530
K49: prop hit from study list | L49: 6 by 12 | M49: =6/12 -> 0.5
K50: prop hit from non primed words | L50: 2 by 3 | M50: =2/3 -> 0.66666667
K52: priming score before | M52: =M49-M50 -> -0.16666667

Sheet 1.1 sleep
A1: study_word | B1: thisN | C1: thisTrialN | D1: thisRepN | E1: StudySlider.response | F1: StudySlider.rt | G1: test_word | H1: Reference | I1: old_new | J1: test_textbox.text | K1: testmouse.x | L1: testmouse.y | M1: testmouse.leftButton | N1: testmouse.midButton | O1: testmouse.rightButton | P1: testmouse.time | Q1: testmouse.clicked_name | R1: trials.thisRepN | S1: trials.thisTrialN | T1: trials.thisN | U1: trials.thisIndex | V1: trials_2.thisRepN | W1: trials_2.thisTrialN | X1: trials_2.thisN | Y1: trials_2.thisIndex | Z1: thisRow.t | AA1: notes | AB1: trial.started | AC1: StudyText.started | AD1: StudySlider.started | AE1: trial.stopped | AF1: trials.StudySlider.response | AG1: trials.StudySlider.rt | AH1: Test_Phase.started | AI1: TestText.started | AJ1: test_textbox.started | AK1: submit_text.started | AL1: testmouse.started | AM1: Test_Phase.stopped | AN1: trials_2.test_textbox.text | AO1: trials_2.testmouse.x | AP1: trials_2.testmouse.y | AQ1: trials_2.testmouse.leftButton | AR1: trials_2.testmouse.midButton | AS1: trials_2.testmouse.rightButton | AT1: trials_2.testmouse.time | AU1: trials_2.testmouse.clicked_name | AV1: TestText.stopped | AW1: test_textbox.stopped | AX1: submit_text.stopped | AY1: testmouse.stopped | AZ1: participant | BA1: session | BB1: date | BC1: expName | BD1: expVersion | BE1: psychopyVersion | BF1: frameRate | BG1: expStart
A2: quill | B2: 0 | C2: 0 | D2: 0 | E2: 1.0251799 | F2: 2.6180784 | R2: 0 | S2: 0 | T2: 0 | U2: 10 | Z2: 0.0370785 | AB2: 0.018378833 | AC2: 0.0370785 | AD2: 0.0370785 | AE2: 2.6454377 | AF2: 1.0251799 | AG2: 2.6180784 | AZ2: 1.1 | BA2: 1 | BB2: 2025-11-09_11h41.23.238 | BC2: word_priming_sp | BE2: 2025.1.1 | BF2: None | BG2: 2025-11-09 11h41.40.626864 +0530
A3: esoteric | B3: 1 | C3: 1 | D3: 0 | E3: 1 | F3: 2.4047201 | R3: 0 | S3: 1 | T3: 1 | U3: 17 | Z3: 2.6554345 | AB3: 2.6488095 | AC3: 2.6554345 | AD3: 2.6554345 | AE3: 5.0625435 | AF3: 1 | AG3: 2.4047201 | AZ3: 1.1 | BA3: 1 | BB3: 2025-11-09_11h41.23.238 | BC3: word_priming_sp | BE3: 2025.1.1 | BF3: None | BG3: 2025-11-09 11h41.40.626864 +0530
A4: vicarious | B4: 2 | C4: 2 | D4: 0 | E4: 1 | F4: 2.539197 | R4: 0 | S4: 2 | T4: 2 | U4: 19 | Z4: 5.0721188 | AB4: 5.0655058 | AC4: 5.0721188 | AD4: 5.0721188 | AE4: 7.6122144 | AF4: 1 | AG4: 2.539197 | AZ4: 1.1 | BA4: 1 | BB4: 2025-11-09_11h41.23.238 | BC4: word_priming_sp | BE4: 2025.1.1 | BF4: None | BG4: 2025-11-09 11h41.40.626864 +0530
A5: booth | B5: 3 | C5: 3 | D5: 0 | E5: 1 | F5: 1.254909 | R5: 0 | S5: 3 | T5: 3 | U5: 5 | Z5: 7.6216102 | AB5: 7.615097 | AC5: 7.6216102 | AD5: 7.6216102 | AE5: 8.8792132 | AF5: 1 | AG5: 1.254909 | AZ5: 1.1 | BA5: 1 | BB5: 2025-11-09_11h41.23.238 | BC5: word_priming_sp | BE5: 2025.1.1 | BF5: None | BG5: 2025-11-09 11h41.40.626864 +0530
A6: beguile | B6: 4 | C6: 4 | D6: 0 | E6: 1 | F6: 1.5550155 | R6: 0 | S6: 4 | T6: 4 | U6: 14 | Z6: 8.888258 | AB6: 8.8817607 | AC6: 8.888258 | AD6: 8.888258 | AE6: 10.445878 | AF6: 1 | AG6: 1.5550155 | AZ6: 1.1 | BA6: 1 | BB6: 2025-11-09_11h41.23.238 | BC6: word_priming_sp | BE6: 2025.1.1 | BF6: None | BG6: 2025-11-09 11h41.40.626864 +0530
A7: insipid | B7: 5 | C7: 5 | D7: 0 | E7: 1 | F7: 1.904256 | R7: 0 | S7: 5 | T7: 5 | U7: 15 | Z7: 10.455516 | AB7: 10.449003 | AC7: 10.455516 | AD7: 10.455516 | AE7: 12.362464 | AF7: 1 | AG7: 1.904256 | AZ7: 1.1 | BA7: 1 | BB7: 2025-11-09_11h41.23.238 | BC7: word_priming_sp | BE7: 2025.1.1 | BF7: None | BG7: 2025-11-09 11h41.40.626864 +0530
A8: parlance | B8: 6 | C8: 6 | D8: 0 | E8: 4.971223 | F8: 3.0889661 | R8: 0 | S8: 6 | T8: 6 | U8: 11 | Z8: 12.370725 | AB8: 12.36431 | AC8: 12.370725 | AD8: 12.370725 | AE8: 15.462383 | AF8: 4.971223 | AG8: 3.0889661 | AZ8: 1.1 | BA8: 1 | BB8: 2025-11-09_11h41.23.238 | BC8: word_priming_sp | BE8: 2025.1.1 | BF8: None | BG8: 2025-11-09 11h41.40.626864 +0530
A9: hose | B9: 7 | C9: 7 | D9: 0 | E9: 1 | F9: 2.0556547 | R9: 0 | S9: 7 | T9: 7 | U9: 4 | Z9: 15.470931 | AB9: 15.464144 | AC9: 15.470931 | AD9: 15.470931 | AE9: 17.529117 | AF9: 1 | AG9: 2.0556547 | AZ9: 1.1 | BA9: 1 | BB9: 2025-11-09_11h41.23.238 | BC9: word_priming_sp | BE9: 2025.1.1 | BF9: None | BG9: 2025-11-09 11h41.40.626864 +0530
A10: book | B10: 8 | C10: 8 | D10: 0 | E10: 1 | F10: 1.1228307 | R10: 0 | S10: 8 | T10: 8 | U10: 0 | Z10: 17.537105 | AB10: 17.530627 | AC10: 17.537105 | AD10: 17.537105 | AE10: 18.66261 | AF10: 1 | AG10: 1.1228307 | AZ10: 1.1 | BA10: 1 | BB10: 2025-11-09_11h41.23.238 | BC10: word_priming_sp | BE10: 2025.1.1 | BF10: None | BG10: 2025-11-09 11h41.40.626864 +0530
A11: memory | B11: 9 | C11: 9 | D11: 0 | E11: 1 | F11: 1.7714773 | R11: 0 | S11: 9 | T11: 9 | U11: 3 | Z11: 18.672115 | AB11: 18.665487 | AC11: 18.672115 | AD11: 18.672115 | AE11: 20.445843 | AF11: 1 | AG11: 1.7714773 | AZ11: 1.1 | BA11: 1 | BB11: 2025-11-09_11h41.23.238 | BC11: word_priming_sp | BE11: 2025.1.1 | BF11: None | BG11: 2025-11-09 11h41.40.626864 +0530
A12: whilst | B12: 10 | C12: 10 | D12: 0 | E12: 1 | F12: 1.1879777 | R12: 0 | S12: 10 | T12: 10 | U12: 7 | Z12: 20.455105 | AB12: 20.448569 | AC12: 20.455105 | AD12: 20.455105 | AE12: 21.645755 | AF12: 1 | AG12: 1.1879777 | AZ12: 1.1 | BA12: 1 | BB12: 2025-11-09_11h41.23.238 | BC12: word_priming_sp | BE12: 2025.1.1 | BF12: None | BG12: 2025-11-09 11h41.40.626864 +0530
A13: audacious | B13: 11 | C13: 11 | D13: 0 | E13: 1 | F13: 1.4558773 | R13: 0 | S13: 11 | T13: 11 | U13: 12 | Z13: 21.653947 | AB13: 21.647479 | AC13: 21.653947 | AD13: 21.653947 | AE13: 23.112367 | AF13: 1 | AG13: 1.4558773 | AZ13: 1.1 | BA13: 1 | BB13: 2025-11-09_11h41.23.238 | BC13: word_priming_sp | BE13: 2025.1.1 | BF13: None | BG13: 2025-11-09 11h41.40.626864 +0530
... A21: cruise | B21: 19 | C21: 19 | D21: 0 | E21: 1.0251799 | F21: 1.6053617 | R21: 0 | S21: 19 | T21: 19 | U21: 9 | Z21: 41.4544 | AB21: 41.447809 | AC21: 41.4544 | AD21: 41.4544 | AE21: 43.062352 | AF21: 1.0251799 | AG21: 1.6053617 | AZ21: 1.1 | BA21: 1 | BB21: 2025-11-09_11h41.23.238 | BC21: word_priming_sp | BE21: 2025.1.1 | BF21: None | BG21: 2025-11-09 11h41.40.626864 +0530
B22: 0 | C22: 0 | D22: 0 | G22: pa_s_m_ _y | H22: parsimony | I22: old | J22: passomany | K22: [] | L22: [] | M22: [] | N22: [] | O22: [] | P22: [] | Q22: [] | V22: 0 | W22: 0 | X22: 0 | Y22: 18 | Z22: 43.080168 | AH22: 43.071732 | AI22: 43.080168 | AJ22: 43.080168 | AK22: 43.080168 | AL22: 0.009383209 | AM22: 53.069142 | AN22: passomany | AO22: [] | AP22: [] | AQ22: [] | AR22: [] | AS22: [] | AT22: [] | AU22: [] | AZ22: 1.1 | BA22: 1 | BB22: 2025-11-09_11h41.23.238 | BC22: word_priming_sp | BE22: 2025.1.1 | BF22: None | BG22: 2025-11-09 11h41.40.626864 +0530
B23: 1 | C23: 1 | D23: 0 | G23: ca_o_h_ _y | H23: cacophony | I23: old | J23: cacophony | K23: [np.float64(0.006294964028776978)] | L23: [np.float64(-0.3255395683453237)] | M23: [1] | N23: [0] | O23: [0] | P23: [5.917098707985133] | Q23: ['submit_text'] | V23: 0 | W23: 1 | X23: 1 | Y23: 16 | Z23: 53.081853 | AH23: 53.072272 | AI23: 53.081853 | AJ23: 53.081853 | AK23: 53.081853 | AL23: 0.0099284591 | AM23: 58.989575 | AN23: cacophony | AO23: [np.float64(0.006294964028776978)] | AP23: [np.float64(-0.3255395683453237)] | AQ23: [1] | AR23: [0] | AS23: [0] | AT23: [5.917098707985133] | AU23: ['submit_text'] | AZ23: 1.1 | BA23: 1 | BB23: 2025-11-09_11h41.23.238 | BC23: word_priming_sp | BE23: 2025.1.1 | BF23: None | BG23: 2025-11-09 11h41.40.626864 +0530
B24: 2 | C24: 2 | D24: 0 | G24: _in_ _u_ | H24: minimum | I24: old | K24: [np.float64(0.006294964028776978)] | L24: [np.float64(-0.3255395683453237)] | M24: [1] | N24: [0] | O24: [0] | P24: [6.978550833882764] | Q24: ['submit_text'] | V24: 0 | W24: 2 | X24: 2 | Y24: 8 | Z24: 59.000883 | AH24: 58.992109 | AI24: 59.000883 | AJ24: 59.000883 | AK24: 59.000883 | AL24: 0.0023797089 | AM24: 65.970833 | AO24: [np.float64(0.006294964028776978)] | AP24: [np.float64(-0.3255395683453237)] | AQ24: [1] | AR24: [0] | AS24: [0] | AT24: [6.978550833882764] | AU24: ['submit_text'] | AZ24: 1.1 | BA24: 1 | BB24: 2025-11-09_11h41.23.238 | BC24: word_priming_sp | BE24: 2025.1.1 | BF24: None | BG24: 2025-11-09 11h41.40.626864 +0530
B25: 3 | C25: 3 | D25: 0 | G25: _l_u_ia_ | H25: alluvium | I25: old | K25: [np.float64(0.006294964028776978)] | L25: [np.float64(-0.3255395683453237)] | M25: [1] | N25: [0] | O25: [0] | P25: [5.797077709110454] | Q25: ['submit_text'] | V25: 0 | W25: 3 | X25: 3 | Y25: 13 | Z25: 65.980405 | AH25: 65.972665 | AI25: 65.980405 | AJ25: 65.980405 | AK25: 65.980405 | AL25: 0.001744458 | AM25: 71.769884 | AO25: [np.float64(0.006294964028776978)] | AP25: [np.float64(-0.3255395683453237)] | AQ25: [1] | AR25: [0] | AS25: [0] | AT25: [5.797077709110454] | AU25: ['submit_text'] | AZ25: 1.1 | BA25: 1 | BB25: 2025-11-09_11h41.23.238 | BC25: word_priming_sp | BE25: 2025.1.1 | BF25: None | BG25: 2025-11-09 11h41.40.626864 +0530
B26: 4 | C26: 4 | D26: 0 | G26: e_o_ _r_c | H26: esoteric | I26: old | J26: esoteric | K26: [np.float64(0.006294964028776978)] | L26: [np.float64(-0.3255395683453237)] | M26: [1] | N26: [0] | O26: [0] | P26: [9.699310750002041] | Q26: ['submit_text'] | V26: 0 | W26: 4 | X26: 4 | Y26: 17 | Z26: 71.794909 | AH26: 71.771751 | AI26: 71.794909 | AJ26: 71.794909 | AK26: 71.794909 | AL26: 0.001768833 | AM26: 81.471221 | AN26: esoteric | AO26: [np.float64(0.006294964028776978)] | AP26: [np.float64(-0.3255395683453237)] | AQ26: [1] | AR26: [0] | AS26: [0] | AT26: [9.699310750002041] | AU26: ['submit_text'] | AZ26: 1.1 | BA26: 1 | BB26: 2025-11-09_11h41.23.238 | BC26: word_priming_sp | BE26: 2025.1.1 | BF26: None | BG26: 2025-11-09 11h41.40.626864 +0530
B27: 5 | C27: 5 | D27: 0 | G27: i_si_i_ | H27: insipid | I27: old | J27: insipid | K27: [np.float64(0.006294964028776978)] | L27: [np.float64(-0.3255395683453237)] | M27: [1] | N27: [0] | O27: [0] | P27: [4.314397167181596] | Q27: ['submit_text'] | V27: 0 | W27: 5 | X27: 5 | Y27: 15 | Z27: 81.482306 | AH27: 81.473356 | AI27: 81.482306 | AJ27: 81.482306 | AK27: 81.482306 | AL27: 0.0020325829 | AM27: 85.787956 | AN27: insipid | AO27: [np.float64(0.006294964028776978)] | AP27: [np.float64(-0.3255395683453237)] | AQ27: [1] | AR27: [0] | AS27: [0] | AT27: [4.314397167181596] | AU27: ['submit_text'] | AZ27: 1.1 | BA27: 1 | BB27: 2025-11-09_11h41.23.238 | BC27: word_priming_sp | BE27: 2025.1.1 | BF27: None | BG27: 2025-11-09 11h41.40.626864 +0530
B28: 6 | C28: 6 | D28: 0 | G28: _h_ls_ | H28: whilst | I28: old | K28: [np.float64(0.006294964028776978)] | L28: [np.float64(-0.3255395683453237)] | M28: [1] | N28: [0] | O28: [0] | P28: [4.230463500134647] | Q28: ['submit_text'] | V28: 0 | W28: 6 | X28: 6 | Y28: 7 | Z28: 85.799022 | AH28: 85.789963 | AI28: 85.799022 | AJ28: 85.799022 | AK28: 85.799022 | AL28: 0.0019143331 | AM28: 90.020611 | AO28: [np.float64(0.006294964028776978)] | AP28: [np.float64(-0.3255395683453237)] | AQ28: [1] | AR28: [0] | AS28: [0] | AT28: [4.230463500134647] | AU28: ['submit_text'] | AZ28: 1.1 | BA28: 1 | BB28: 2025-11-09_11h41.23.238 | BC28: word_priming_sp | BE28: 2025.1.1 | BF28: None | BG28: 2025-11-09 11h41.40.626864 +0530
B29: 7 | C29: 7 | D29: 0 | G29: sa_d_ _ c_ | H29: sandwich | I29: old | J29: samdwich | K29: [np.float64(0.006294964028776978)] | L29: [np.float64(-0.3255395683453237)] | M29: [1] | N29: [0] | O29: [0] | P29: [4.2980505840387195] | Q29: ['submit_text'] | V29: 0 | W29: 7 | X29: 7 | Y29: 2 | Z29: 90.030529 | AH29: 90.022586 | AI29: 90.030529 | AJ29: 90.030529 | AK29: 90.030529 | AL29: 0.0018903329 | AM29: 94.320808 | AN29: samdwich | AO29: [np.float64(0.006294964028776978)] | AP29: [np.float64(-0.3255395683453237)] | AQ29: [1] | AR29: [0] | AS29: [0] | AT29: [4.2980505840387195] | AU29: ['submit_text'] | AZ29: 1.1 | BA29: 1 | BB29: 2025-11-09_11h41.23.238 | BC29: word_priming_sp | BE29: 2025.1.1 | BF29: None | BG29: 2025-11-09 11h41.40.626864 +0530
B30: 8 | C30: 8 | D30: 0 | G30: b_o_ | H30: book | I30: old | J30: book | K30: [np.float64(0.006294964028776978)] | L30: [np.float64(-0.3255395683453237)] | M30: [1] | N30: [0] | O30: [0] | P30: [2.2978427498601377] | Q30: ['submit_text'] | V30: 0 | W30: 8 | X30: 8 | Y30: 0 | Z30: 94.332114 | AH30: 94.322699 | AI30: 94.332114 | AJ30: 94.332114 | AK30: 94.332114 | AL30: 0.0017993751 | AM30: 96.620742 | AN30: book | AO30: [np.float64(0.006294964028776978)] | AP30: [np.float64(-0.3255395683453237)] | AQ30: [1] | AR30: [0] | AS30: [0] | AT30: [2.2978427498601377] | AU30: ['submit_text'] | AZ30: 1.1 | BA30: 1 | BB30: 2025-11-09_11h41.23.238 | BC30: word_priming_sp | BE30: 2025.1.1 | BF30: None | BG30: 2025-11-09 11h41.40.626864 +0530
B31: 9 | C31: 9 | D31: 0 | G31: _ui_ _ | H31: quill | I31: old | K31: [np.float64(0.006294964028776978)] | L31: [np.float64(-0.3255395683453237)] | M31: [1] | N31: [0] | O31: [0] | P31: [9.113403333118185] | Q31: ['submit_text'] | V31: 0 | W31: 9 | X31: 9 | Y31: 10 | Z31: 96.632152 | AH31: 96.623053 | AI31: 96.632152 | AJ31: 96.632152 | AK31: 96.632152 | AL31: 0.002220667 | AM31: 105.73664 | AO31: [np.float64(0.006294964028776978)] | AP31: [np.float64(-0.3255395683453237)] | AQ31: [1] | AR31: [0] | AS31: [0] | AT31: [9.113403333118185] | AU31: ['submit_text'] | AZ31: 1.1 | BA31: 1 | BB31: 2025-11-09_11h41.23.238 | BC31: word_priming_sp | BE31: 2025.1.1 | BF31: None | BG31: 2025-11-09 11h41.40.626864 +0530
B32: 10 | C32: 10 | D32: 0 | G32: b_gu_l_ | H32: beguile | I32: old | J32: beguile | K32: [np.float64(0.006294964028776978)] | L32: [np.float64(-0.3255395683453237)] | M32: [1] | N32: [0] | O32: [0] | P32: [6.432792374864221] | Q32: ['submit_text'] | V32: 0 | W32: 10 | X32: 10 | Y32: 14 | Z32: 105.7614 | AH32: 105.73838 | AI32: 105.7614 | AJ32: 105.7614 | AK32: 105.7614 | AL32: 0.001644542 | AM32: 112.17135 | AN32: beguile | AO32: [np.float64(0.006294964028776978)] | AP32: [np.float64(-0.3255395683453237)] | AQ32: [1] | AR32: [0] | AS32: [0] | AT32: [6.432792374864221] | AU32: ['submit_text'] | AZ32: 1.1 | BA32: 1 | BB32: 2025-11-09_11h41.23.238 | BC32: word_priming_sp | BE32: 2025.1.1 | BF32: None | BG32: 2025-11-09 11h41.40.626864 +0530
B33: 11 | C33: 11 | D33: 0 | G33: _ru_s_ | H33: cruise | I33: old | J33: cruise | K33: [np.float64(0.006294964028776978)] | L33: [np.float64(-0.3255395683453237)] | M33: [1] | N33: [0] | O33: [0] | P33: [6.047726624878123] | Q33: ['submit_text'] | V33: 0 | W33: 11 | X33: 11 | Y33: 9 | Z33: 112.18249 | AH33: 112.17365 | AI33: 112.18249 | AJ33: 112.18249 | AK33: 112.18249 | AL33: 0.002168542 | AM33: 118.2216 | AN33: cruise | AO33: [np.float64(0.006294964028776978)] | AP33: [np.float64(-0.3255395683453237)] | AQ33: [1] | AR33: [0] | AS33: [0] | AT33: [6.047726624878123] | AU33: ['submit_text'] | AZ33: 1.1 | BA33: 1 | BB33: 2025-11-09_11h41.23.238 | BC33: word_priming_sp | BE33: 2025.1.1 | BF33: None | BG33: 2025-11-09 11h41.40.626864 +0530
B34: 12 | C34: 12 | D34: 0 | G34: _ a_pe_ | H34: carpet | I34: old | J34: carpet | K34: [np.float64(0.006294964028776978)] | L34: [np.float64(-0.3255395683453237)] | M34: [1] | N34: [0] | O34: [0] | P34: [4.463749582879245] | Q34: ['submit_text'] | V34: 0 | W34: 12 | X34: 12 | Y34: 1 | Z34: 118.23273 | AH34: 118.22392 | AI34: 118.23273 | AJ34: 118.23273 | AK34: 118.23273 | AL34: 0.0022132921 | AM34: 122.68788 | AN34: carpet | AO34: [np.float64(0.006294964028776978)] | AP34: [np.float64(-0.3255395683453237)] | AQ34: [1] | AR34: [0] | AS34: [0] | AT34: [4.463749582879245] | AU34: ['submit_text'] | AZ34: 1.1 | BA34: 1 | BB34: 2025-11-09_11h41.23.238 | BC34: word_priming_sp | BE34: 2025.1.1 | BF34: None | BG34: 2025-11-09 11h41.40.626864 +0530
B35: 13 | C35: 13 | D35: 0 | G35: _e_or_ | H35: memory | I35: old | K35: [np.float64(0.006294964028776978)] | L35: [np.float64(-0.3255395683453237)] | M35: [1] | N35: [0] | O35: [0] | P35: [5.013231749879196] | Q35: ['submit_text'] | V35: 0 | W35: 13 | X35: 13 | Y35: 3 | Z35: 122.69877 | AH35: 122.68995 | AI35: 122.69877 | AJ35: 122.69877 | AK35: 122.69877 | AL35: 0.0019765832 | AM35: 127.70339 | AO35: [np.float64(0.006294964028776978)] | AP35: [np.float64(-0.3255395683453237)] | AQ35: [1] | AR35: [0] | AS35: [0] | AT35: [5.013231749879196] | AU35: ['submit_text'] | AZ35: 1.1 | BA35: 1 | BB35: 2025-11-09_11h41.23.238 | BC35: word_priming_sp | BE35: 2025.1.1 | BF35: None | BG35: 2025-11-09 11h41.40.626864 +0530
B36: 14 | C36: 14 | D36: 0 | G36: _oo_h | H36: booth | I36: old | J36: booth | K36: [np.float64(0.006294964028776978)] | L36: [np.float64(-0.3255395683453237)] | M36: [1] | N36: [0] | O36: [0] | P36: [3.2992546251043677] | Q36: ['submit_text'] | V36: 0 | W36: 14 | X36: 14 | Y36: 5 | Z36: 127.72798 | AH36: 127.70502 | AI36: 127.72798 | AJ36: 127.72798 | AK36: 127.72798 | AL36: 0.0015517909 | AM36: 131.00447 | AN36: booth | AO36: [np.float64(0.006294964028776978)] | AP36: [np.float64(-0.3255395683453237)] | AQ36: [1] | AR36: [0] | AS36: [0] | AT36: [3.2992546251043677] | AU36: ['submit_text'] | AZ36: 1.1 | BA36: 1 | BB36: 2025-11-09_11h41.23.238 | BC36: word_priming_sp | BE36: 2025.1.1 | BF36: None | BG36: 2025-11-09 11h41.40.626864 +0530
B37: 15 | C37: 15 | D37: 0 | G37: c_m_r_ | H37: camera | I37: new | J37: camera | K37: [np.float64(0.006294964028776978)] | L37: [np.float64(-0.3255395683453237)] | M37: [1] | N37: [0] | O37: [0] | P37: [4.247408541850746] | Q37: ['submit_text'] | V37: 0 | W37: 15 | X37: 15 | Y37: 23 | Z37: 131.01544 | AH37: 131.00662 | AI37: 131.01544 | AJ37: 131.01544 | AK37: 131.01544 | AL37: 0.002059042 | AM37: 135.25425 | AN37: camera | AO37: [np.float64(0.006294964028776978)] | AP37: [np.float64(-0.3255395683453237)] | AQ37: [1] | AR37: [0] | AS37: [0] | AT37: [4.247408541850746] | AU37: ['submit_text'] | AZ37: 1.1 | BA37: 1 | BB37: 2025-11-09_11h41.23.238 | BC37: word_priming_sp | BE37: 2025.1.1 | BF37: None | BG37: 2025-11-09 11h41.40.626864 +0530
B38: 16 | C38: 16 | D38: 0 | G38: la_g_ _e_ | H38: laughter | I38: old | J38: m | K38: [] | L38: [] | M38: [] | N38: [] | O38: [] | P38: [] | Q38: [] | V38: 0 | W38: 16 | X38: 16 | Y38: 6 | Z38: 135.26572 | AH38: 135.25686 | AI38: 135.26572 | AJ38: 135.26572 | AK38: 135.26572 | AL38: 0.0025212499 | AM38: 145.25272 | AN38: m | AO38: [] | AP38: [] | AQ38: [] | AR38: [] | AS38: [] | AT38: [] | AU38: [] | AV38: 145.26472 | AW38: 145.26472 | AX38: 145.26472 | AY38: 9.9981523 | AZ38: 1.1 | BA38: 1 | BB38: 2025-11-09_11h41.23.238 | BC38: word_priming_sp | BE38: 2025.1.1 | BF38: None | BG38: 2025-11-09 11h41.40.626864 +0530
B39: 17 | C39: 17 | D39: 0 | G39: _i_a _io_s | H39: vicarious | I39: old | K39: [np.float64(0.06025179856115108)] | L39: [np.float64(-0.2994604316546763)] | M39: [1] | N39: [0] | O39: [0] | P39: [6.2810595410410315] | Q39: ['submit_text'] | V39: 0 | W39: 17 | X39: 17 | Y39: 19 | Z39: 145.26472 | AH39: 145.25553 | AI39: 145.26472 | AJ39: 145.26472 | AK39: 145.26472 | AL39: 0.0011962501 | AM39: 151.53685 | AO39: [np.float64(0.06025179856115108)] | AP39: [np.float64(-0.2994604316546763)] | AQ39: [1] | AR39: [0] | AS39: [0] | AT39: [6.2810595410410315] | AU39: ['submit_text'] | AZ39: 1.1 | BA39: 1 | BB39: 2025-11-09_11h41.23.238 | BC39: word_priming_sp | BE39: 2025.1.1 | BF39: None | BG39: 2025-11-09 11h41.40.626864 +0530
B40: 18 | C40: 18 | D40: 0 | G40: _a_l_nc_ | H40: parlance | I40: old | K40: [np.float64(-0.044964028776978415)] | L40: [np.float64(-0.2976618705035971)] | M40: [1] | N40: [0] | O40: [0] | P40: [3.5475599579513073] | Q40: ['submit_text'] | V40: 0 | W40: 18 | X40: 18 | Y40: 11 | Z40: 151.54672 | AH40: 151.53853 | AI40: 151.54672 | AJ40: 151.54672 | AK40: 151.54672 | AL40: 0.00160275 | AM40: 155.08628 | AO40: [np.float64(-0.044964028776978415)] | AP40: [np.float64(-0.2976618705035971)] | AQ40: [1] | AR40: [0] | AS40: [0] | AT40: [3.5475599579513073] | AU40: ['submit_text'] | AZ40: 1.1 | BA40: 1 | BB40: 2025-11-09_11h41.23.238 | BC40: word_priming_sp | BE40: 2025.1.1 | BF40: None | BG40: 2025-11-09 11h41.40.626864 +0530
B41: 19 | C41: 19 | D41: 0 | G41: _en_il | H41: pencil | I41: new | K41: [np.float64(-0.044964028776978415)] | L41: [np.float64(-0.2976618705035971)] | M41: [1] | N41: [0] | O41: [0] | P41: [4.515213167062029] | Q41: ['submit_text'] | V41: 0 | W41: 19 | X41: 19 | Y41: 22 | Z41: 155.09531 | AH41: 155.08791 | AI41: 155.09531 | AJ41: 155.09531 | AK41: 155.09531 | AL41: 0.0015556659 | AM41: 159.60329 | AO41: [np.float64(-0.044964028776978415)] | AP41: [np.float64(-0.2976618705035971)] | AQ41: [1] | AR41: [0] | AS41: [0] | AT41: [4.515213167062029] | AU41: ['submit_text'] | AZ41: 1.1 | BA41: 1 | BB41: 2025-11-09_11h41.23.238 | BC41: word_priming_sp | BE41: 2025.1.1 | BF41: None | BG41: 2025-11-09 11h41.40.626864 +0530
B42: 20 | C42: 20 | D42: 0 | G42: _os_ | H42: hose | I42: old | J42: boss | K42: [np.float64(-0.044964028776978415)] | L42: [np.float64(-0.2976618705035971)] | M42: [1] | N42: [0] | O42: [0] | P42: [5.8495117500424385] | Q42: ['submit_text'] | V42: 0 | W42: 20 | X42: 20 | Y42: 4 | Z42: 159.62783 | AH42: 159.60478 | AI42: 159.62783 | AJ42: 159.62783 | AK42: 159.62783 | AL42: 0.0013931249 | AM42: 165.45448 | AN42: boss | AO42: [np.float64(-0.044964028776978415)] | AP42: [np.float64(-0.2976618705035971)] | AQ42: [1] | AR42: [0] | AS42: [0] | AT42: [5.8495117500424385] | AU42: ['submit_text'] | AZ42: 1.1 | BA42: 1 | BB42: 2025-11-09_11h41.23.238 | BC42: word_priming_sp | BE42: 2025.1.1 | BF42: None | BG42: 2025-11-09 11h41.40.626864 +0530
B43: 21 | C43: 21 | D43: 0 | G43: c_ _hi_n | H43: cushion | I43: new | J43: cushion | K43: [np.float64(-0.3444244604316547), np.float64(0.01618705035971223)] | L43: [np.float64(-0.24280575539568344), np.float64(-0.2949640287769784)] | M43: [1, 1] | N43: [0, 0] | O43: [0, 0] | P43: [4.246590833179653, 6.03059170814231] | Q43: [None, 'submit_text'] | V43: 0 | W43: 21 | X43: 21 | Y43: 20 | Z43: 165.46534 | AH43: 165.45666 | AI43: 165.46534 | AJ43: 165.46534 | AK43: 165.46534 | AL43: 0.002094625 | AM43: 171.48748 | AN43: cushion | AO43: [np.float64(-0.3444244604316547), np.float64(0.01618705035971223)] | AP43: [np.float64(-0.24280575539568344), np.float64(-0.2949640287769784)] | AQ43: [1, 1] | AR43: [0, 0] | AS43: [0, 0] | AT43: [4.246590833179653, 6.03059170814231] | AU43: [None, 'submit_text'] | AZ43: 1.1 | BA43: 1 | BB43: 2025-11-09_11h41.23.238 | BC43: word_priming_sp | BE43: 2025.1.1 | BF43: None | BG43: 2025-11-09 11h41.40.626864 +0530
B44: 22 | C44: 22 | D44: 0 | G44: p_ _e | H44: page | I44: new | J44: pope | K44: [] | L44: [] | M44: [] | N44: [] | O44: [] | P44: [] | Q44: [] | V44: 0 | W44: 22 | X44: 22 | Y44: 21 | Z44: 171.49873 | AH44: 171.48934 | AI44: 171.49873 | AJ44: 171.49873 | AK44: 171.49873 | AL44: 0.001764833 | AM44: 181.48606 | AN44: pope | AO44: [] | AP44: [] | AQ44: [] | AR44: [] | AS44: [] | AT44: [] | AU44: [] | AV44: 181.49775 | AW44: 181.49775 | AX44: 181.49775 | AY44: 9.9982833 | AZ44: 1.1 | BA44: 1 | BB44: 2025-11-09_11h41.23.238 | BC44: word_priming_sp | BE44: 2025.1.1 | BF44: None | BG44: 2025-11-09 11h41.40.626864 +0530
B45: 23 | C45: 23 | D45: 0 | G45: a_da_i_ _s | H45: audacious | I45: old | K45: [np.float64(0.01618705035971223)] | L45: [np.float64(-0.295863309352518)] | M45: [1] | N45: [0] | O45: [0] | P45: [0.20084900013171136] | Q45: ['submit_text'] | V45: 0 | W45: 23 | X45: 23 | Y45: 12 | Z45: 181.49775 | AH45: 181.48844 | AI45: 181.49775 | AJ45: 181.49775 | AK45: 181.49775 | AL45: 0.00086479192 | AM45: 181.68951 | AO45: [np.float64(0.01618705035971223)] | AP45: [np.float64(-0.295863309352518)] | AQ45: [1] | AR45: [0] | AS45: [0] | AT45: [0.20084900013171136] | AU45: ['submit_text'] | AZ45: 1.1 | BA45: 1 | BB45: 2025-11-09_11h41.23.238 | BC45: word_priming_sp | BE45: 2025.1.1 | BF45: None | BG45: 2025-11-09 11h41.40.626864 +0530
B46: 24 | C46: 24 | D46: 0 | G46: o_sc_r_ | H46: obscure | I46: new | K46: [np.float64(-0.030575539568345324), np.float64(-0.012589928057553957), np.float64(-0.006294964028776978)] | L46: [np.float64(0.09892086330935251), np.float64(-0.329136690647482), np.float64(-0.31564748201438847)] | M46: [1, 1, 1] | N46: [0, 0, 0] | O46: [0, 0, 0] | P46: [5.613179542124271, 7.24460183409974, 8.211236542090774] | Q46: [None, None, 'submit_text'] | V46: 0 | W46: 24 | X46: 24 | Y46: 24 | Z46: 181.69935 | AH46: 181.69117 | AI46: 181.69935 | AJ46: 181.69935 | AK46: 181.69935 | AL46: 0.0015781249 | AM46: 189.9026 | AO46: [np.float64(-0.030575539568345324), np.float64(-0.012589928057553957), np.float64(-0.006294964028776978)] | AP46: [np.float64(0.09892086330935251), np.float64(-0.329136690647482), np.float64(-0.31564748201438847)] | AQ46: [1, 1, 1] | AR46: [0, 0, 0] | AS46: [0, 0, 0] | AT46: [5.613179542124271, 7.24460183409974, 8.211236542090774] | AU46: [None, None, 'submit_text'] | AZ46: 1.1 | BA46: 1 | BB46: 2025-11-09_11h41.23.238 | BC46: word_priming_sp | BE46: 2025.1.1 | BF46: None | BG46: 2025-11-09 11h41.40.626864 +0530
K48: prop hit from study list | L48: 8 by 12 | M48: =8/12 -> 0.66666667
K49: prop hit from non primed words | L49: 2 by 3 | M49: =2/3 -> 0.66666667
K51: priming score after | M51: =M48-M49 -> 0
K53: difference | M53: 0.16666667

Sheet 2 sleep
A1: study_word | B1: thisN | C1: thisTrialN | D1: thisRepN | E1: StudySlider.response | F1: StudySlider.rt | G1: test_word | H1: Reference | I1: old_new | J1: test_textbox.text | K1: testmouse.x | L1: testmouse.y | M1: testmouse.leftButton | N1: testmouse.midButton | O1: testmouse.rightButton | P1: testmouse.time | Q1: testmouse.clicked_name | R1: trials.thisRepN | S1: trials.thisTrialN | T1: trials.thisN | U1: trials.thisIndex | V1: trials_2.thisRepN | W1: trials_2.thisTrialN | X1: trials_2.thisN | Y1: trials_2.thisIndex | Z1: thisRow.t | AA1: notes | AB1: trial.started | AC1: StudyText.started | AD1: StudySlider.started | AE1: trial.stopped | AF1: trials.StudySlider.response | AG1: trials.StudySlider.rt | AH1: Test_Phase.started | AI1: TestText.started | AJ1: test_textbox.started | AK1: submit_text.started | AL1: testmouse.started | AM1: Test_Phase.stopped | AN1: trials_2.test_textbox.text | AO1: trials_2.testmouse.x | AP1: trials_2.testmouse.y | AQ1: trials_2.testmouse.leftButton | AR1: trials_2.testmouse.midButton | AS1: trials_2.testmouse.rightButton | AT1: trials_2.testmouse.time | AU1: trials_2.testmouse.clicked_name | AV1: participant | AW1: session | AX1: date | AY1: expName | AZ1: expVersion | BA1: psychopyVersion | BB1: frameRate | BC1: expStart
A2: minimum | B2: 0 | C2: 0 | D2: 0 | E2: 1.0431655 | F2: 1.450383 | R2: 0 | S2: 0 | T2: 0 | U2: 8 | Z2: 0.042250458 | AB2: 0.02141875 | AC2: 0.042250458 | AD2: 0.042250458 | AE2: 1.4803712 | AF2: 1.0431655 | AG2: 1.450383 | AV2: 2 | AW2: 1 | AX2: 2025-11-09_00h08.27.457 | AY2: word_priming_sp | BA2: 2025.1.1 | BB2: None | BC2: 2025-11-09 00h08.36.680229 +0530
A3: book | B3: 1 | C3: 1 | D3: 0 | E3: 1.0431655 | F3: 0.88969325 | R3: 0 | S3: 1 | T3: 1 | U3: 0 | Z3: 1.488784 | AB3: 1.4821243 | AC3: 1.488784 | AD3: 1.488784 | AE3: 2.3808749 | AF3: 1.0431655 | AG3: 0.88969325 | AV3: 2 | AW3: 1 | AX3: 2025-11-09_00h08.27.457 | AY3: word_priming_sp | BA3: 2025.1.1 | BB3: None | BC3: 2025-11-09 00h08.36.680229 +0530
A4: cruise | B4: 2 | C4: 2 | D4: 0 | E4: 1.0431655 | F4: 0.73756121 | R4: 0 | S4: 2 | T4: 2 | U4: 9 | Z4: 2.3908582 | AB4: 2.384221 | AC4: 2.3908582 | AD4: 2.3908582 | AE4: 3.1308276 | AF4: 1.0431655 | AG4: 0.73756121 | AV4: 2 | AW4: 1 | AX4: 2025-11-09_00h08.27.457 | AY4: word_priming_sp | BA4: 2025.1.1 | BB4: None | BC4: 2025-11-09 00h08.36.680229 +0530
A5: vicarious | B5: 3 | C5: 3 | D5: 0 | E5: 1.0431655 | F5: 1.037907 | R5: 0 | S5: 3 | T5: 3 | U5: 19 | Z5: 3.1403396 | AB5: 3.1338393 | AC5: 3.1403396 | AD5: 3.1403396 | AE5: 4.180823 | AF5: 1.0431655 | AG5: 1.037907 | AV5: 2 | AW5: 1 | AX5: 2025-11-09_00h08.27.457 | AY5: word_priming_sp | BA5: 2025.1.1 | BB5: None | BC5: 2025-11-09 00h08.36.680229 +0530
A6: sandwich | B6: 4 | C6: 4 | D6: 0 | E6: 1.0431655 | F6: 0.68760221 | R6: 0 | S6: 4 | T6: 4 | U6: 2 | Z6: 4.1905912 | AB6: 4.1840538 | AC6: 4.1905912 | AD6: 4.1905912 | AE6: 4.8808517 | AF6: 1.0431655 | AG6: 0.68760221 | AV6: 2 | AW6: 1 | AX6: 2025-11-09_00h08.27.457 | AY6: word_priming_sp | BA6: 2025.1.1 | BB6: None | BC6: 2025-11-09 00h08.36.680229 +0530
A7: parsimony | B7: 5 | C7: 5 | D7: 0 | E7: 1.0431655 | F7: 1.1712621 | R7: 0 | S7: 5 | T7: 5 | U7: 18 | Z7: 4.8900038 | AB7: 4.8835868 | AC7: 4.8900038 | AD7: 4.8900038 | AE7: 6.064098 | AF7: 1.0431655 | AG7: 1.1712621 | AV7: 2 | AW7: 1 | AX7: 2025-11-09_00h08.27.457 | AY7: word_priming_sp | BA7: 2025.1.1 | BB7: None | BC7: 2025-11-09 00h08.36.680229 +0530
A8: memory | B8: 6 | C8: 6 | D8: 0 | E8: 1.0431655 | F8: 0.78932237 | R8: 0 | S8: 6 | T8: 6 | U8: 3 | Z8: 6.072206 | AB8: 6.065753 | AC8: 6.072206 | AD8: 6.072206 | AE8: 6.8641457 | AF8: 1.0431655 | AG8: 0.78932237 | AV8: 2 | AW8: 1 | AX8: 2025-11-09_00h08.27.457 | AY8: word_priming_sp | BA8: 2025.1.1 | BB8: None | BC8: 2025-11-09 00h08.36.680229 +0530
A9: beguile | B9: 7 | C9: 7 | D9: 0 | E9: 1.0431655 | F9: 1.4385292 | R9: 0 | S9: 7 | T9: 7 | U9: 14 | Z9: 6.8732728 | AB9: 6.8666532 | AC9: 6.8732728 | AD9: 6.8732728 | AE9: 8.3141512 | AF9: 1.0431655 | AG9: 1.4385292 | AV9: 2 | AW9: 1 | AX9: 2025-11-09_00h08.27.457 | AY9: word_priming_sp | BA9: 2025.1.1 | BB9: None | BC9: 2025-11-09 00h08.36.680229 +0530
A10: insipid | B10: 8 | C10: 8 | D10: 0 | E10: 1.0431655 | F10: 2.4553846 | R10: 0 | S10: 8 | T10: 8 | U10: 15 | Z10: 8.322621 | AB10: 8.3160313 | AC10: 8.322621 | AD10: 8.322621 | AE10: 10.780852 | AF10: 1.0431655 | AG10: 2.4553846 | AV10: 2 | AW10: 1 | AX10: 2025-11-09_00h08.27.457 | AY10: word_priming_sp | BA10: 2025.1.1 | BB10: None | BC10: 2025-11-09 00h08.36.680229 +0530
A11: booth | B11: 9 | C11: 9 | D11: 0 | E11: 1.0431655 | F11: 0.62231408 | R11: 0 | S11: 9 | T11: 9 | U11: 5 | Z11: 10.789474 | AB11: 10.782848 | AC11: 10.789474 | AD11: 10.789474 | AE11: 11.414102 | AF11: 1.0431655 | AG11: 0.62231408 | AV11: 2 | AW11: 1 | AX11: 2025-11-09_00h08.27.457 | AY11: word_priming_sp | BA11: 2025.1.1 | BB11: None | BC11: 2025-11-09 00h08.36.680229 +0530
A12: carpet | B12: 10 | C12: 10 | D12: 0 | E12: 1.0431655 | F12: 0.50585683 | R12: 0 | S12: 10 | T12: 10 | U12: 1 | Z12: 11.422569 | AB12: 11.415954 | AC12: 11.422569 | AD12: 11.422569 | AE12: 11.930801 | AF12: 1.0431655 | AG12: 0.50585683 | AV12: 2 | AW12: 1 | AX12: 2025-11-09_00h08.27.457 | AY12: word_priming_sp | BA12: 2025.1.1 | BB12: None | BC12: 2025-11-09 00h08.36.680229 +0530
A13: audacious | B13: 11 | C13: 11 | D13: 0 | E13: 3.0431655 | F13: 1.8890095 | R13: 0 | S13: 11 | T13: 11 | U13: 12 | Z13: 11.93931 | AB13: 11.932635 | AC13: 11.93931 | AD13: 11.93931 | AE13: 13.830747 | AF13: 3.0431655 | AG13: 1.8890095 | AV13: 2 | AW13: 1 | AX13: 2025-11-09_00h08.27.457 | AY13: word_priming_sp | BA13: 2025.1.1 | BB13: None | BC13: 2025-11-09 00h08.36.680229 +0530
... A21: hose | B21: 19 | C21: 19 | D21: 0 | E21: 1 | F21: 0.47281179 | R21: 0 | S21: 19 | T21: 19 | U21: 4 | Z21: 20.739136 | AB21: 20.732366 | AC21: 20.739136 | AD21: 20.739136 | AE21: 21.213536 | AF21: 1 | AG21: 0.47281179 | AV21: 2 | AW21: 1 | AX21: 2025-11-09_00h08.27.457 | AY21: word_priming_sp | BA21: 2025.1.1 | BB21: None | BC21: 2025-11-09 00h08.36.680229 +0530
B22: 0 | C22: 0 | D22: 0 | G22: p_ _e | H22: page | I22: new | J22: pose | K22: [np.float64(0.03866906474820144)] | L22: [np.float64(-0.30845323741007197)] | M22: [1] | N22: [0] | O22: [0] | P22: [4.266983499983326] | Q22: ['submit_text'] | V22: 0 | W22: 0 | X22: 0 | Y22: 21 | Z22: 21.231086 | AH22: 21.222204 | AI22: 21.231086 | AJ22: 21.231086 | AK22: 21.231086 | AL22: 0.0086682911 | AM22: 25.489344 | AN22: pose | AO22: [np.float64(0.03866906474820144)] | AP22: [np.float64(-0.30845323741007197)] | AQ22: [1] | AR22: [0] | AS22: [0] | AT22: [4.266983499983326] | AU22: ['submit_text'] | AV22: 2 | AW22: 1 | AX22: 2025-11-09_00h08.27.457 | AY22: word_priming_sp | BA22: 2025.1.1 | BB22: None | BC22: 2025-11-09 00h08.36.680229 +0530
B23: 1 | C23: 1 | D23: 0 | G23: pa_s_m_ _y | H23: parsimony | I23: old | J23: parsimony | K23: [np.float64(0.03866906474820144)] | L23: [np.float64(-0.30845323741007197)] | M23: [1] | N23: [0] | O23: [0] | P23: [5.780695124994963] | Q23: ['submit_text'] | V23: 0 | W23: 1 | X23: 1 | Y23: 18 | Z23: 25.50034 | AH23: 25.492183 | AI23: 25.50034 | AJ23: 25.50034 | AK23: 25.50034 | AL23: 0.002661875 | AM23: 31.273077 | AN23: parsimony | AO23: [np.float64(0.03866906474820144)] | AP23: [np.float64(-0.30845323741007197)] | AQ23: [1] | AR23: [0] | AS23: [0] | AT23: [5.780695124994963] | AU23: ['submit_text'] | AV23: 2 | AW23: 1 | AX23: 2025-11-09_00h08.27.457 | AY23: word_priming_sp | BA23: 2025.1.1 | BB23: None | BC23: 2025-11-09 00h08.36.680229 +0530
B24: 2 | C24: 2 | D24: 0 | G24: b_gu_l_ | H24: beguile | I24: old | J24: beguile | K24: [np.float64(0.0368705035971223)] | L24: [np.float64(-0.30845323741007197)] | M24: [1] | N24: [0] | O24: [0] | P24: [2.8975059590302408] | Q24: ['submit_text'] | V24: 0 | W24: 2 | X24: 2 | Y24: 14 | Z24: 31.284249 | AH24: 31.275097 | AI24: 31.284249 | AJ24: 31.284249 | AK24: 31.284249 | AL24: 0.0019247502 | AM24: 34.172802 | AN24: beguile | AO24: [np.float64(0.0368705035971223)] | AP24: [np.float64(-0.30845323741007197)] | AQ24: [1] | AR24: [0] | AS24: [0] | AT24: [2.8975059590302408] | AU24: ['submit_text'] | AV24: 2 | AW24: 1 | AX24: 2025-11-09_00h08.27.457 | AY24: word_priming_sp | BA24: 2025.1.1 | BB24: None | BC24: 2025-11-09 00h08.36.680229 +0530
B25: 3 | C25: 3 | D25: 0 | G25: _os_ | H25: hose | I25: old | J25: hose | K25: [np.float64(0.0368705035971223)] | L25: [np.float64(-0.30845323741007197)] | M25: [1] | N25: [0] | O25: [0] | P25: [2.747535000089556] | Q25: ['submit_text'] | V25: 0 | W25: 3 | X25: 3 | Y25: 4 | Z25: 34.184195 | AH25: 34.174576 | AI25: 34.184195 | AJ25: 34.184195 | AK25: 34.184195 | AL25: 0.001681292 | AM25: 36.922296 | AN25: hose | AO25: [np.float64(0.0368705035971223)] | AP25: [np.float64(-0.30845323741007197)] | AQ25: [1] | AR25: [0] | AS25: [0] | AT25: [2.747535000089556] | AU25: ['submit_text'] | AV25: 2 | AW25: 1 | AX25: 2025-11-09_00h08.27.457 | AY25: word_priming_sp | BA25: 2025.1.1 | BB25: None | BC25: 2025-11-09 00h08.36.680229 +0530
B26: 4 | C26: 4 | D26: 0 | G26: c_ _hi_n | H26: cushion | I26: new | J26: cushion | K26: [np.float64(0.0368705035971223)] | L26: [np.float64(-0.30845323741007197)] | M26: [1] | N26: [0] | O26: [0] | P26: [1.8804919579997659] | Q26: ['submit_text'] | V26: 0 | W26: 4 | X26: 4 | Y26: 20 | Z26: 36.934215 | AH26: 36.924681 | AI26: 36.934215 | AJ26: 36.934215 | AK26: 36.934215 | AL26: 0.0022744169 | AM26: 38.805376 | AN26: cushion | AO26: [np.float64(0.0368705035971223)] | AP26: [np.float64(-0.30845323741007197)] | AQ26: [1] | AR26: [0] | AS26: [0] | AT26: [1.8804919579997659] | AU26: ['submit_text'] | AV26: 2 | AW26: 1 | AX26: 2025-11-09_00h08.27.457 | AY26: word_priming_sp | BA26: 2025.1.1 | BB26: None | BC26: 2025-11-09 00h08.36.680229 +0530
B27: 5 | C27: 5 | D27: 0 | G27: la_g_ _e_ | H27: laughter | I27: old | J27: laughter | K27: [np.float64(0.0368705035971223)] | L27: [np.float64(-0.30845323741007197)] | M27: [1] | N27: [0] | O27: [0] | P27: [1.7485507081728429] | Q27: ['submit_text'] | V27: 0 | W27: 5 | X27: 5 | Y27: 6 | Z27: 38.817035 | AH27: 38.807708 | AI27: 38.817035 | AJ27: 38.817035 | AK27: 38.817035 | AL27: 0.0022356249 | AM27: 40.556484 | AN27: laughter | AO27: [np.float64(0.0368705035971223)] | AP27: [np.float64(-0.30845323741007197)] | AQ27: [1] | AR27: [0] | AS27: [0] | AT27: [1.7485507081728429] | AU27: ['submit_text'] | AV27: 2 | AW27: 1 | AX27: 2025-11-09_00h08.27.457 | AY27: word_priming_sp | BA27: 2025.1.1 | BB27: None | BC27: 2025-11-09 00h08.36.680229 +0530
B28: 6 | C28: 6 | D28: 0 | G28: i_si_i_ | H28: insipid | I28: old | J28: insipid | K28: [np.float64(0.0368705035971223)] | L28: [np.float64(-0.30845323741007197)] | M28: [1] | N28: [0] | O28: [0] | P28: [3.5971670830622315] | Q28: ['submit_text'] | V28: 0 | W28: 6 | X28: 6 | Y28: 15 | Z28: 40.567574 | AH28: 40.558665 | AI28: 40.567574 | AJ28: 40.567574 | AK28: 40.567574 | AL28: 0.0020705 | AM28: 44.156038 | AN28: insipid | AO28: [np.float64(0.0368705035971223)] | AP28: [np.float64(-0.30845323741007197)] | AQ28: [1] | AR28: [0] | AS28: [0] | AT28: [3.5971670830622315] | AU28: ['submit_text'] | AV28: 2 | AW28: 1 | AX28: 2025-11-09_00h08.27.457 | AY28: word_priming_sp | BA28: 2025.1.1 | BB28: None | BC28: 2025-11-09 00h08.36.680229 +0530
B29: 7 | C29: 7 | D29: 0 | G29: _a_l_nc_ | H29: parlance | I29: old | K29: [np.float64(0.0368705035971223)] | L29: [np.float64(-0.30845323741007197)] | M29: [1] | N29: [0] | O29: [0] | P29: [7.130053624976426] | Q29: ['submit_text'] | V29: 0 | W29: 7 | X29: 7 | Y29: 11 | Z29: 44.167494 | AH29: 44.15808 | AI29: 44.167494 | AJ29: 44.167494 | AK29: 44.167494 | AL29: 0.0019345831 | AM29: 51.288312 | AO29: [np.float64(0.0368705035971223)] | AP29: [np.float64(-0.30845323741007197)] | AQ29: [1] | AR29: [0] | AS29: [0] | AT29: [7.130053624976426] | AU29: ['submit_text'] | AV29: 2 | AW29: 1 | AX29: 2025-11-09_00h08.27.457 | AY29: word_priming_sp | BA29: 2025.1.1 | BB29: None | BC29: 2025-11-09 00h08.36.680229 +0530
B30: 8 | C30: 8 | D30: 0 | G30: b_o_ | H30: book | I30: old | J30: book | K30: [np.float64(0.0368705035971223)] | L30: [np.float64(-0.30845323741007197)] | M30: [1] | N30: [0] | O30: [0] | P30: [1.6329815839417279] | Q30: ['submit_text'] | V30: 0 | W30: 8 | X30: 8 | Y30: 0 | Z30: 51.297077 | AH30: 51.289842 | AI30: 51.297077 | AJ30: 51.297077 | AK30: 51.297077 | AL30: 0.001437875 | AM30: 52.923019 | AN30: book | AO30: [np.float64(0.0368705035971223)] | AP30: [np.float64(-0.30845323741007197)] | AQ30: [1] | AR30: [0] | AS30: [0] | AT30: [1.6329815839417279] | AU30: ['submit_text'] | AV30: 2 | AW30: 1 | AX30: 2025-11-09_00h08.27.457 | AY30: word_priming_sp | BA30: 2025.1.1 | BB30: None | BC30: 2025-11-09 00h08.36.680229 +0530
B31: 9 | C31: 9 | D31: 0 | G31: ca_o_h_ _y | H31: cacophony | I31: old | J31: cacophony | K31: [np.float64(0.0368705035971223)] | L31: [np.float64(-0.30845323741007197)] | M31: [1] | N31: [0] | O31: [0] | P31: [4.263030665926635] | Q31: ['submit_text'] | V31: 0 | W31: 9 | X31: 9 | Y31: 16 | Z31: 52.934147 | AH31: 52.925385 | AI31: 52.934147 | AJ31: 52.934147 | AK31: 52.934147 | AL31: 0.002274917 | AM31: 57.188642 | AN31: cacophony | AO31: [np.float64(0.0368705035971223)] | AP31: [np.float64(-0.30845323741007197)] | AQ31: [1] | AR31: [0] | AS31: [0] | AT31: [4.263030665926635] | AU31: ['submit_text'] | AV31: 2 | AW31: 1 | AX31: 2025-11-09_00h08.27.457 | AY31: word_priming_sp | BA31: 2025.1.1 | BB31: None | BC31: 2025-11-09 00h08.36.680229 +0530
B32: 10 | C32: 10 | D32: 0 | G32: _en_il | H32: pencil | I32: new | J32: pencil | K32: [np.float64(0.0368705035971223)] | L32: [np.float64(-0.30845323741007197)] | M32: [1] | N32: [0] | O32: [0] | P32: [5.632092833984643] | Q32: ['submit_text'] | V32: 0 | W32: 10 | X32: 10 | Y32: 22 | Z32: 57.20035 | AH32: 57.19064 | AI32: 57.20035 | AJ32: 57.20035 | AK32: 57.20035 | AL32: 0.001899 | AM32: 62.822941 | AN32: pencil | AO32: [np.float64(0.0368705035971223)] | AP32: [np.float64(-0.30845323741007197)] | AQ32: [1] | AR32: [0] | AS32: [0] | AT32: [5.632092833984643] | AU32: ['submit_text'] | AV32: 2 | AW32: 1 | AX32: 2025-11-09_00h08.27.457 | AY32: word_priming_sp | BA32: 2025.1.1 | BB32: None | BC32: 2025-11-09 00h08.36.680229 +0530
B33: 11 | C33: 11 | D33: 0 | G33: _l_u_ia_ | H33: alluvium | I33: old | J33: alluviam | K33: [np.float64(0.018884892086330936)] | L33: [np.float64(-0.2922661870503597)] | M33: [1] | N33: [0] | O33: [0] | P33: [7.096861208090559] | Q33: ['submit_text'] | V33: 0 | W33: 11 | X33: 11 | Y33: 13 | Z33: 62.83452 | AH33: 62.825592 | AI33: 62.83452 | AJ33: 62.83452 | AK33: 62.83452 | AL33: 0.0023863751 | AM33: 69.922672 | AN33: alluviam | AO33: [np.float64(0.018884892086330936)] | AP33: [np.float64(-0.2922661870503597)] | AQ33: [1] | AR33: [0] | AS33: [0] | AT33: [7.096861208090559] | AU33: ['submit_text'] | AV33: 2 | AW33: 1 | AX33: 2025-11-09_00h08.27.457 | AY33: word_priming_sp | BA33: 2025.1.1 | BB33: None | BC33: 2025-11-09 00h08.36.680229 +0530
B34: 12 | C34: 12 | D34: 0 | G34: _i_a _io_s | H34: vicarious | I34: old | J34: vicarious | K34: [np.float64(0.0044964028776978415)] | L34: [np.float64(-0.2976618705035971)] | M34: [1] | N34: [0] | O34: [0] | P34: [7.097994500072673] | Q34: ['submit_text'] | V34: 0 | W34: 12 | X34: 12 | Y34: 19 | Z34: 69.933747 | AH34: 69.925368 | AI34: 69.933747 | AJ34: 69.933747 | AK34: 69.933747 | AL34: 0.0026032911 | AM34: 77.023575 | AN34: vicarious | AO34: [np.float64(0.0044964028776978415)] | AP34: [np.float64(-0.2976618705035971)] | AQ34: [1] | AR34: [0] | AS34: [0] | AT34: [7.097994500072673] | AU34: ['submit_text'] | AV34: 2 | AW34: 1 | AX34: 2025-11-09_00h08.27.457 | AY34: word_priming_sp | BA34: 2025.1.1 | BB34: None | BC34: 2025-11-09 00h08.36.680229 +0530
B35: 13 | C35: 13 | D35: 0 | G35: o_sc_r_ | H35: obscure | I35: new | K35: [np.float64(0.002697841726618705)] | L35: [np.float64(-0.3039568345323741)] | M35: [1] | N35: [0] | O35: [0] | P35: [3.0463021660689265] | Q35: ['submit_text'] | V35: 0 | W35: 13 | X35: 13 | Y35: 24 | Z35: 77.034114 | AH35: 77.025584 | AI35: 77.034114 | AJ35: 77.034114 | AK35: 77.034114 | AL35: 0.001907208 | AM35: 80.07208 | AO35: [np.float64(0.002697841726618705)] | AP35: [np.float64(-0.3039568345323741)] | AQ35: [1] | AR35: [0] | AS35: [0] | AT35: [3.0463021660689265] | AU35: ['submit_text'] | AV35: 2 | AW35: 1 | AX35: 2025-11-09_00h08.27.457 | AY35: word_priming_sp | BA35: 2025.1.1 | BB35: None | BC35: 2025-11-09 00h08.36.680229 +0530
B36: 14 | C36: 14 | D36: 0 | G36: sa_d_ _ c_ | H36: sandwich | I36: old | J36: sandwich | K36: [np.float64(-0.0044964028776978415)] | L36: [np.float64(-0.3012589928057554)] | M36: [1] | N36: [0] | O36: [0] | P36: [2.8473952079657465] | Q36: ['submit_text'] | V36: 0 | W36: 14 | X36: 14 | Y36: 2 | Z36: 80.082201 | AH36: 80.074124 | AI36: 80.082201 | AJ36: 80.082201 | AK36: 80.082201 | AL36: 0.001969208 | AM36: 82.921717 | AN36: sandwich | AO36: [np.float64(-0.0044964028776978415)] | AP36: [np.float64(-0.3012589928057554)] | AQ36: [1] | AR36: [0] | AS36: [0] | AT36: [2.8473952079657465] | AU36: ['submit_text'] | AV36: 2 | AW36: 1 | AX36: 2025-11-09_00h08.27.457 | AY36: word_priming_sp | BA36: 2025.1.1 | BB36: None | BC36: 2025-11-09 00h08.36.680229 +0530
B37: 15 | C37: 15 | D37: 0 | G37: _ru_s_ | H37: cruise | I37: old | J37: cruise | K37: [np.float64(-0.0044964028776978415)] | L37: [np.float64(-0.3012589928057554)] | M37: [1] | N37: [0] | O37: [0] | P37: [2.0820303331129253] | Q37: ['submit_text'] | V37: 0 | W37: 15 | X37: 15 | Y37: 9 | Z37: 82.933614 | AH37: 82.923957 | AI37: 82.933614 | AJ37: 82.933614 | AK37: 82.933614 | AL37: 0.0021391669 | AM37: 85.006232 | AN37: cruise | AO37: [np.float64(-0.0044964028776978415)] | AP37: [np.float64(-0.3012589928057554)] | AQ37: [1] | AR37: [0] | AS37: [0] | AT37: [2.0820303331129253] | AU37: ['submit_text'] | AV37: 2 | AW37: 1 | AX37: 2025-11-09_00h08.27.457 | AY37: word_priming_sp | BA37: 2025.1.1 | BB37: None | BC37: 2025-11-09 00h08.36.680229 +0530
B38: 16 | C38: 16 | D38: 0 | G38: _e_or_ | H38: memory | I38: old | K38: [np.float64(-0.006294964028776978)] | L38: [np.float64(-0.29856115107913667)] | M38: [1] | N38: [0] | O38: [0] | P38: [5.5144580830819905] | Q38: ['submit_text'] | V38: 0 | W38: 16 | X38: 16 | Y38: 3 | Z38: 85.01738 | AH38: 85.008202 | AI38: 85.01738 | AJ38: 85.01738 | AK38: 85.01738 | AL38: 0.001878333 | AM38: 90.522875 | AO38: [np.float64(-0.006294964028776978)] | AP38: [np.float64(-0.29856115107913667)] | AQ38: [1] | AR38: [0] | AS38: [0] | AT38: [5.5144580830819905] | AU38: ['submit_text'] | AV38: 2 | AW38: 1 | AX38: 2025-11-09_00h08.27.457 | AY38: word_priming_sp | BA38: 2025.1.1 | BB38: None | BC38: 2025-11-09 00h08.36.680229 +0530
B39: 17 | C39: 17 | D39: 0 | G39: _ui_ _ | H39: quill | I39: old | K39: [np.float64(-0.006294964028776978)] | L39: [np.float64(-0.29856115107913667)] | M39: [1] | N39: [0] | O39: [0] | P39: [3.4971036661881953] | Q39: ['submit_text'] | V39: 0 | W39: 17 | X39: 17 | Y39: 10 | Z39: 90.532642 | AH39: 90.524699 | AI39: 90.532642 | AJ39: 90.532642 | AK39: 90.532642 | AL39: 0.0017479172 | AM39: 94.022023 | AO39: [np.float64(-0.006294964028776978)] | AP39: [np.float64(-0.29856115107913667)] | AQ39: [1] | AR39: [0] | AS39: [0] | AT39: [3.4971036661881953] | AU39: ['submit_text'] | AV39: 2 | AW39: 1 | AX39: 2025-11-09_00h08.27.457 | AY39: word_priming_sp | BA39: 2025.1.1 | BB39: None | BC39: 2025-11-09 00h08.36.680229 +0530
B40: 18 | C40: 18 | D40: 0 | G40: _ a_pe_ | H40: carpet | I40: old | J40: carpet | K40: [np.float64(-0.006294964028776978)] | L40: [np.float64(-0.3057553956834532)] | M40: [1] | N40: [0] | O40: [0] | P40: [5.498530708951876] | Q40: ['submit_text'] | V40: 0 | W40: 18 | X40: 18 | Y40: 1 | Z40: 94.031985 | AH40: 94.023837 | AI40: 94.031985 | AJ40: 94.031985 | AK40: 94.031985 | AL40: 0.0017389581 | AM40: 99.522573 | AN40: carpet | AO40: [np.float64(-0.006294964028776978)] | AP40: [np.float64(-0.3057553956834532)] | AQ40: [1] | AR40: [0] | AS40: [0] | AT40: [5.498530708951876] | AU40: ['submit_text'] | AV40: 2 | AW40: 1 | AX40: 2025-11-09_00h08.27.457 | AY40: word_priming_sp | BA40: 2025.1.1 | BB40: None | BC40: 2025-11-09 00h08.36.680229 +0530
B41: 19 | C41: 19 | D41: 0 | G41: e_o_ _r_c | H41: esoteric | I41: old | J41: esoteric | K41: [np.float64(-0.007194244604316547)] | L41: [np.float64(-0.3237410071942446)] | M41: [1] | N41: [0] | O41: [0] | P41: [4.680338458856568] | Q41: ['submit_text'] | V41: 0 | W41: 19 | X41: 19 | Y41: 17 | Z41: 99.534074 | AH41: 99.524944 | AI41: 99.534074 | AJ41: 99.534074 | AK41: 99.534074 | AL41: 0.0022787498 | AM41: 104.20552 | AN41: esoteric | AO41: [np.float64(-0.007194244604316547)] | AP41: [np.float64(-0.3237410071942446)] | AQ41: [1] | AR41: [0] | AS41: [0] | AT41: [4.680338458856568] | AU41: ['submit_text'] | AV41: 2 | AW41: 1 | AX41: 2025-11-09_00h08.27.457 | AY41: word_priming_sp | BA41: 2025.1.1 | BB41: None | BC41: 2025-11-09 00h08.36.680229 +0530
B42: 20 | C42: 20 | D42: 0 | G42: _in_ _u_ | H42: minimum | I42: old | K42: [np.float64(-0.0008992805755395684), np.float64(-0.002697841726618705)] | L42: [np.float64(-0.2580935251798561), np.float64(-0.302158273381295)] | M42: [1, 1] | N42: [0, 0] | O42: [0, 0] | P42: [4.930725832935423, 5.680436624912545] | Q42: [None, 'submit_text'] | V42: 0 | W42: 20 | X42: 20 | Y42: 8 | Z42: 104.21683 | AH42: 104.20744 | AI42: 104.21683 | AJ42: 104.21683 | AK42: 104.21683 | AL42: 0.001834542 | AM42: 109.88807 | AO42: [np.float64(-0.0008992805755395684), np.float64(-0.002697841726618705)] | AP42: [np.float64(-0.2580935251798561), np.float64(-0.302158273381295)] | AQ42: [1, 1] | AR42: [0, 0] | AS42: [0, 0] | AT42: [4.930725832935423, 5.680436624912545] | AU42: [None, 'submit_text'] | AV42: 2 | AW42: 1 | AX42: 2025-11-09_00h08.27.457 | AY42: word_priming_sp | BA42: 2025.1.1 | BB42: None | BC42: 2025-11-09 00h08.36.680229 +0530
B43: 21 | C43: 21 | D43: 0 | G43: _h_ls_ | H43: whilst | I43: old | J43: whilst | K43: [np.float64(-0.009892086330935251)] | L43: [np.float64(-0.3183453237410072)] | M43: [1] | N43: [0] | O43: [0] | P43: [6.282363124890253] | Q43: ['submit_text'] | V43: 0 | W43: 21 | X43: 21 | Y43: 7 | Z43: 109.89692 | AH43: 109.88966 | AI43: 109.89692 | AJ43: 109.89692 | AK43: 109.89692 | AL43: 0.0014794171 | AM43: 116.17224 | AN43: whilst | AO43: [np.float64(-0.009892086330935251)] | AP43: [np.float64(-0.3183453237410072)] | AQ43: [1] | AR43: [0] | AS43: [0] | AT43: [6.282363124890253] | AU43: ['submit_text'] | AV43: 2 | AW43: 1 | AX43: 2025-11-09_00h08.27.457 | AY43: word_priming_sp | BA43: 2025.1.1 | BB43: None | BC43: 2025-11-09 00h08.36.680229 +0530
B44: 22 | C44: 22 | D44: 0 | G44: c_m_r_ | H44: camera | I44: new | J44: camera | K44: [np.float64(-0.008093525179856115)] | L44: [np.float64(-0.30935251798561153)] | M44: [1] | N44: [0] | O44: [0] | P44: [2.164014041889459] | Q44: ['submit_text'] | V44: 0 | W44: 22 | X44: 22 | Y44: 23 | Z44: 116.18367 | AH44: 116.17425 | AI44: 116.18367 | AJ44: 116.18367 | AK44: 116.18367 | AL44: 0.0019186249 | AM44: 118.33853 | AN44: camera | AO44: [np.float64(-0.008093525179856115)] | AP44: [np.float64(-0.30935251798561153)] | AQ44: [1] | AR44: [0] | AS44: [0] | AT44: [2.164014041889459] | AU44: ['submit_text'] | AV44: 2 | AW44: 1 | AX44: 2025-11-09_00h08.27.457 | AY44: word_priming_sp | BA44: 2025.1.1 | BB44: None | BC44: 2025-11-09 00h08.36.680229 +0530
B45: 23 | C45: 23 | D45: 0 | G45: a_da_i_ _s | H45: audacious | I45: old | J45: audacious | K45: [np.float64(-0.008093525179856115)] | L45: [np.float64(-0.3102517985611511)] | M45: [1] | N45: [0] | O45: [0] | P45: [8.998025708133355] | Q45: ['submit_text'] | V45: 0 | W45: 23 | X45: 23 | Y45: 12 | Z45: 118.3501 | AH45: 118.34091 | AI45: 118.3501 | AJ45: 118.3501 | AK45: 118.3501 | AL45: 0.0022879578 | AM45: 127.33919 | AN45: audacious | AO45: [np.float64(-0.008093525179856115)] | AP45: [np.float64(-0.3102517985611511)] | AQ45: [1] | AR45: [0] | AS45: [0] | AT45: [8.998025708133355] | AU45: ['submit_text'] | AV45: 2 | AW45: 1 | AX45: 2025-11-09_00h08.27.457 | AY45: word_priming_sp | BA45: 2025.1.1 | BB45: None | BC45: 2025-11-09 00h08.36.680229 +0530
B46: 24 | C46: 24 | D46: 0 | G46: _oo_h | H46: booth | I46: old | J46: booth | K46: [np.float64(-0.008992805755395683)] | L46: [np.float64(-0.31115107913669066)] | M46: [1] | N46: [0] | O46: [0] | P46: [2.5646312499884516] | Q46: ['submit_text'] | V46: 0 | W46: 24 | X46: 24 | Y46: 5 | Z46: 127.35058 | AH46: 127.34092 | AI46: 127.35058 | AJ46: 127.35058 | AK46: 127.35058 | AL46: 0.0016471671 | AM46: 129.90579 | AN46: booth | AO46: [np.float64(-0.008992805755395683)] | AP46: [np.float64(-0.31115107913669066)] | AQ46: [1] | AR46: [0] | AS46: [0] | AT46: [2.5646312499884516] | AU46: ['submit_text'] | AV46: 2 | AW46: 1 | AX46: 2025-11-09_00h08.27.457 | AY46: word_priming_sp | BA46: 2025.1.1 | BB46: None | BC46: 2025-11-09 00h08.36.680229 +0530
K48: prop hit from study list | L48: 16 by 17 | M48: =16/17 -> 0.94117647
K49: prop hit from non primed words | L49: 3 by 4 | M49: =3/4 -> 0.75
K51: priming score before | M51: =M48-M49 -> 0.19117647

Sheet 2.1 sleep
A1: study_word | B1: thisN | C1: thisTrialN | D1: thisRepN | E1: StudySlider.response | F1: StudySlider.rt | G1: test_word | H1: Reference | I1: old_new | J1: test_textbox.text | K1: testmouse.x | L1: testmouse.y | M1: testmouse.leftButton | N1: testmouse.midButton | O1: testmouse.rightButton | P1: testmouse.time | Q1: testmouse.clicked_name | R1: trials.thisRepN | S1: trials.thisTrialN | T1: trials.thisN | U1: trials.thisIndex | V1: trials_2.thisRepN | W1: trials_2.thisTrialN | X1: trials_2.thisN | Y1: trials_2.thisIndex | Z1: thisRow.t | AA1: notes | AB1: trial.started | AC1: StudyText.started | AD1: StudySlider.started | AE1: trial.stopped | AF1: trials.StudySlider.response | AG1: trials.StudySlider.rt | AH1: Test_Phase.started | AI1: TestText.started | AJ1: test_textbox.started | AK1: submit_text.started | AL1: testmouse.started | AM1: Test_Phase.stopped | AN1: trials_2.test_textbox.text | AO1: trials_2.testmouse.x | AP1: trials_2.testmouse.y | AQ1: trials_2.testmouse.leftButton | AR1: trials_2.testmouse.midButton | AS1: trials_2.testmouse.rightButton | AT1: trials_2.testmouse.time | AU1: trials_2.testmouse.clicked_name | AV1: TestText.stopped | AW1: test_textbox.stopped | AX1: submit_text.stopped | AY1: testmouse.stopped | AZ1: participant | BA1: session | BB1: date | BC1: expName | BD1: expVersion | BE1: psychopyVersion | BF1: frameRate | BG1: expStart
A2: minimum | B2: 0 | C2: 0 | D2: 0 | E2: 1 | F2: 1.2884431 | R2: 0 | S2: 0 | T2: 0 | U2: 8 | Z2: 0.042152 | AB2: 0.024608875 | AC2: 0.042152 | AD2: 0.042152 | AE2: 1.3216357 | AF2: 1 | AG2: 1.2884431 | AZ2: 2.1 | BA2: 1 | BB2: 2025-11-09_13h01.38.419 | BC2: word_priming_sp | BE2: 2025.1.1 | BF2: None | BG2: 2025-11-09 13h01.58.766245 +0530
A3: hose | B3: 1 | C3: 1 | D3: 0 | E3: 1 | F3: 1.088176 | R3: 0 | S3: 1 | T3: 1 | U3: 4 | Z3: 1.3315205 | AB3: 1.3247701 | AC3: 1.3315205 | AD3: 1.3315205 | AE3: 2.4220978 | AF3: 1 | AG3: 1.088176 | AZ3: 2.1 | BA3: 1 | BB3: 2025-11-09_13h01.38.419 | BC3: word_priming_sp | BE3: 2025.1.1 | BF3: None | BG3: 2025-11-09 13h01.58.766245 +0530
A4: booth | B4: 2 | C4: 2 | D4: 0 | E4: 1 | F4: 0.93902008 | R4: 0 | S4: 2 | T4: 2 | U4: 5 | Z4: 2.4303102 | AB4: 2.423948 | AC4: 2.4303102 | AD4: 2.4303102 | AE4: 3.3720586 | AF4: 1 | AG4: 0.93902008 | AZ4: 2.1 | BA4: 1 | BB4: 2025-11-09_13h01.38.419 | BC4: word_priming_sp | BE4: 2025.1.1 | BF4: None | BG4: 2025-11-09 13h01.58.766245 +0530
A5: cacophony | B5: 3 | C5: 3 | D5: 0 | E5: 1 | F5: 0.68674392 | R5: 0 | S5: 3 | T5: 3 | U5: 16 | Z5: 3.3821047 | AB5: 3.3754007 | AC5: 3.3821047 | AD5: 3.3821047 | AE5: 4.0722549 | AF5: 1 | AG5: 0.68674392 | AZ5: 2.1 | BA5: 1 | BB5: 2025-11-09_13h01.38.419 | BC5: word_priming_sp | BE5: 2025.1.1 | BF5: None | BG5: 2025-11-09 13h01.58.766245 +0530
A6: whilst | B6: 4 | C6: 4 | D6: 0 | E6: 1 | F6: 0.83872337 | R6: 0 | S6: 4 | T6: 4 | U6: 7 | Z6: 4.0803102 | AB6: 4.0743069 | AC6: 4.0803102 | AD6: 4.0803102 | AE6: 4.9220456 | AF6: 1 | AG6: 0.83872337 | AZ6: 2.1 | BA6: 1 | BB6: 2025-11-09_13h01.38.419 | BC6: word_priming_sp | BE6: 2025.1.1 | BF6: None | BG6: 2025-11-09 13h01.58.766245 +0530
A7: carpet | B7: 5 | C7: 5 | D7: 0 | E7: 1 | F7: 0.5883655 | R7: 0 | S7: 5 | T7: 5 | U7: 1 | Z7: 4.9311268 | AB7: 4.9246058 | AC7: 4.9311268 | AD7: 4.9311268 | AE7: 5.5219005 | AF7: 1 | AG7: 0.5883655 | AZ7: 2.1 | BA7: 1 | BB7: 2025-11-09_13h01.38.419 | BC7: word_priming_sp | BE7: 2025.1.1 | BF7: None | BG7: 2025-11-09 13h01.58.766245 +0530
A8: vicarious | B8: 6 | C8: 6 | D8: 0 | E8: 1 | F8: 0.88935817 | R8: 0 | S8: 6 | T8: 6 | U8: 19 | Z8: 5.530682 | AB8: 5.5241851 | AC8: 5.530682 | AD8: 5.530682 | AE8: 6.422325 | AF8: 1 | AG8: 0.88935817 | AZ8: 2.1 | BA8: 1 | BB8: 2025-11-09_13h01.38.419 | BC8: word_priming_sp | BE8: 2025.1.1 | BF8: None | BG8: 2025-11-09 13h01.58.766245 +0530
A9: quill | B9: 7 | C9: 7 | D9: 0 | E9: 1 | F9: 0.63811812 | R9: 0 | S9: 7 | T9: 7 | U9: 10 | Z9: 6.4318066 | AB9: 6.4248335 | AC9: 6.4318066 | AD9: 6.4318066 | AE9: 7.0720849 | AF9: 1 | AG9: 0.63811812 | AZ9: 2.1 | BA9: 1 | BB9: 2025-11-09_13h01.38.419 | BC9: word_priming_sp | BE9: 2025.1.1 | BF9: None | BG9: 2025-11-09 13h01.58.766245 +0530
A10: esoteric | B10: 8 | C10: 8 | D10: 0 | E10: 1 | F10: 1.272511 | R10: 0 | S10: 8 | T10: 8 | U10: 17 | Z10: 7.0805261 | AB10: 7.0740354 | AC10: 7.0805261 | AD10: 7.0805261 | AE10: 8.3549016 | AF10: 1 | AG10: 1.272511 | AZ10: 2.1 | BA10: 1 | BB10: 2025-11-09_13h01.38.419 | BC10: word_priming_sp | BE10: 2025.1.1 | BF10: None | BG10: 2025-11-09 13h01.58.766245 +0530
A11: cruise | B11: 9 | C11: 9 | D11: 0 | E11: 1 | F11: 2.3061085 | R11: 0 | S11: 9 | T11: 9 | U11: 9 | Z11: 8.3635542 | AB11: 8.3569093 | AC11: 8.3635542 | AD11: 8.3635542 | AE11: 10.672033 | AF11: 1 | AG11: 2.3061085 | AZ11: 2.1 | BA11: 1 | BB11: 2025-11-09_13h01.38.419 | BC11: word_priming_sp | BE11: 2025.1.1 | BF11: None | BG11: 2025-11-09 13h01.58.766245 +0530
A12: memory | B12: 10 | C12: 10 | D12: 0 | E12: 1 | F12: 1.2220557 | R12: 0 | S12: 10 | T12: 10 | U12: 3 | Z12: 10.680737 | AB12: 10.673976 | AC12: 10.680737 | AD12: 10.680737 | AE12: 11.905197 | AF12: 1 | AG12: 1.2220557 | AZ12: 2.1 | BA12: 1 | BB12: 2025-11-09_13h01.38.419 | BC12: word_priming_sp | BE12: 2025.1.1 | BF12: None | BG12: 2025-11-09 13h01.58.766245 +0530
A13: laughter | B13: 11 | C13: 11 | D13: 0 | E13: 1 | F13: 0.67185412 | R13: 0 | S13: 11 | T13: 11 | U13: 6 | Z13: 11.914619 | AB13: 11.907903 | AC13: 11.914619 | AD13: 11.914619 | AE13: 12.588703 | AF13: 1 | AG13: 0.67185412 | AZ13: 2.1 | BA13: 1 | BB13: 2025-11-09_13h01.38.419 | BC13: word_priming_sp | BE13: 2025.1.1 | BF13: None | BG13: 2025-11-09 13h01.58.766245 +0530
... A21: audacious | B21: 19 | C21: 19 | D21: 0 | E21: 1 | F21: 1.38934 | R21: 0 | S21: 19 | T21: 19 | U21: 12 | Z21: 18.413758 | AB21: 18.407168 | AC21: 18.413758 | AD21: 18.413758 | AE21: 19.805296 | AF21: 1 | AG21: 1.38934 | AZ21: 2.1 | BA21: 1 | BB21: 2025-11-09_13h01.38.419 | BC21: word_priming_sp | BE21: 2025.1.1 | BF21: None | BG21: 2025-11-09 13h01.58.766245 +0530
B22: 0 | C22: 0 | D22: 0 | G22: _oo_h | H22: booth | I22: old | J22: booth | K22: [np.float64(-0.0368705035971223), np.float64(0.06654676258992806), np.float64(0.06294964028776978)] | L22: [np.float64(-0.008992805755395683), np.float64(-0.3552158273381295), np.float64(-0.3237410071942446)] | M22: [1, 1, 1] | N22: [0, 0, 0] | O22: [0, 0, 0] | P22: [1.6501082498580217, 3.400020750006661, 3.933395291911438] | Q22: [None, None, 'submit_text'] | V22: 0 | W22: 0 | X22: 0 | Y22: 5 | Z22: 19.822984 | AH22: 19.81399 | AI22: 19.822984 | AJ22: 19.822984 | AK22: 19.822984 | AL22: 0.008685166 | AM22: 23.747538 | AN22: booth | AO22: [np.float64(-0.0368705035971223), np.float64(0.06654676258992806), np.float64(0.06294964028776978)] | AP22: [np.float64(-0.008992805755395683), np.float64(-0.3552158273381295), np.float64(-0.3237410071942446)] | AQ22: [1, 1, 1] | AR22: [0, 0, 0] | AS22: [0, 0, 0] | AT22: [1.6501082498580217, 3.400020750006661, 3.933395291911438] | AU22: [None, None, 'submit_text'] | AZ22: 2.1 | BA22: 1 | BB22: 2025-11-09_13h01.38.419 | BC22: word_priming_sp | BE22: 2025.1.1 | BF22: None | BG22: 2025-11-09 13h01.58.766245 +0530
B23: 1 | C23: 1 | D23: 0 | G23: i_si_i_ | H23: insipid | I23: old | J23: insipid | K23: [np.float64(0.06294964028776978)] | L23: [np.float64(-0.3237410071942446)] | M23: [1] | N23: [0] | O23: [0] | P23: [3.747755375225097] | Q23: ['submit_text'] | V23: 0 | W23: 1 | X23: 1 | Y23: 15 | Z23: 23.758403 | AH23: 23.749607 | AI23: 23.758403 | AJ23: 23.758403 | AK23: 23.758403 | AL23: 0.0018880421 | AM23: 27.497547 | AN23: insipid | AO23: [np.float64(0.06294964028776978)] | AP23: [np.float64(-0.3237410071942446)] | AQ23: [1] | AR23: [0] | AS23: [0] | AT23: [3.747755375225097] | AU23: ['submit_text'] | AZ23: 2.1 | BA23: 1 | BB23: 2025-11-09_13h01.38.419 | BC23: word_priming_sp | BE23: 2025.1.1 | BF23: None | BG23: 2025-11-09 13h01.58.766245 +0530
B24: 2 | C24: 2 | D24: 0 | G24: _e_or_ | H24: memory | I24: old | K24: [np.float64(0.06115107913669065)] | L24: [np.float64(-0.2976618705035971)] | M24: [1] | N24: [0] | O24: [0] | P24: [7.796854582848027] | Q24: ['submit_text'] | V24: 0 | W24: 2 | X24: 2 | Y24: 3 | Z24: 27.50877 | AH24: 27.499686 | AI24: 27.50877 | AJ24: 27.50877 | AK24: 27.50877 | AL24: 0.002032083 | AM24: 35.296724 | AO24: [np.float64(0.06115107913669065)] | AP24: [np.float64(-0.2976618705035971)] | AQ24: [1] | AR24: [0] | AS24: [0] | AT24: [7.796854582848027] | AU24: ['submit_text'] | AZ24: 2.1 | BA24: 1 | BB24: 2025-11-09_13h01.38.419 | BC24: word_priming_sp | BE24: 2025.1.1 | BF24: None | BG24: 2025-11-09 13h01.58.766245 +0530
B25: 3 | C25: 3 | D25: 0 | G25: c_m_r_ | H25: camera | I25: new | J25: camera | K25: [np.float64(0.06115107913669065)] | L25: [np.float64(-0.2976618705035971)] | M25: [1] | N25: [0] | O25: [0] | P25: [2.681478250073269] | Q25: ['submit_text'] | V25: 0 | W25: 3 | X25: 3 | Y25: 23 | Z25: 35.321248 | AH25: 35.298639 | AI25: 35.321248 | AJ25: 35.321248 | AK25: 35.321248 | AL25: 0.0018114999 | AM25: 37.980284 | AN25: camera | AO25: [np.float64(0.06115107913669065)] | AP25: [np.float64(-0.2976618705035971)] | AQ25: [1] | AR25: [0] | AS25: [0] | AT25: [2.681478250073269] | AU25: ['submit_text'] | AZ25: 2.1 | BA25: 1 | BB25: 2025-11-09_13h01.38.419 | BC25: word_priming_sp | BE25: 2025.1.1 | BF25: None | BG25: 2025-11-09 13h01.58.766245 +0530
B26: 4 | C26: 4 | D26: 0 | G26: c_ _hi_n | H26: cushion | I26: new | J26: cushion | K26: [np.float64(0.06115107913669065)] | L26: [np.float64(-0.2976618705035971)] | M26: [1] | N26: [0] | O26: [0] | P26: [2.1806187089532614] | Q26: ['submit_text'] | V26: 0 | W26: 4 | X26: 4 | Y26: 20 | Z26: 37.99228 | AH26: 37.982956 | AI26: 37.99228 | AJ26: 37.99228 | AK26: 37.99228 | AL26: 0.0025807919 | AM26: 40.163768 | AN26: cushion | AO26: [np.float64(0.06115107913669065)] | AP26: [np.float64(-0.2976618705035971)] | AQ26: [1] | AR26: [0] | AS26: [0] | AT26: [2.1806187089532614] | AU26: ['submit_text'] | AZ26: 2.1 | BA26: 1 | BB26: 2025-11-09_13h01.38.419 | BC26: word_priming_sp | BE26: 2025.1.1 | BF26: None | BG26: 2025-11-09 13h01.58.766245 +0530
B27: 5 | C27: 5 | D27: 0 | G27: _en_il | H27: pencil | I27: new | J27: pencil | K27: [np.float64(0.06115107913669065)] | L27: [np.float64(-0.2976618705035971)] | M27: [1] | N27: [0] | O27: [0] | P27: [4.031587208155543] | Q27: ['submit_text'] | V27: 0 | W27: 5 | X27: 5 | Y27: 22 | Z27: 40.175406 | AH27: 40.165753 | AI27: 40.175406 | AJ27: 40.175406 | AK27: 40.175406 | AL27: 0.001889084 | AM27: 44.197532 | AN27: pencil | AO27: [np.float64(0.06115107913669065)] | AP27: [np.float64(-0.2976618705035971)] | AQ27: [1] | AR27: [0] | AS27: [0] | AT27: [4.031587208155543] | AU27: ['submit_text'] | AZ27: 2.1 | BA27: 1 | BB27: 2025-11-09_13h01.38.419 | BC27: word_priming_sp | BE27: 2025.1.1 | BF27: None | BG27: 2025-11-09 13h01.58.766245 +0530
B28: 6 | C28: 6 | D28: 0 | G28: _os_ | H28: hose | I28: old | J28: hose | K28: [np.float64(0.06115107913669065)] | L28: [np.float64(-0.2976618705035971)] | M28: [1] | N28: [0] | O28: [0] | P28: [2.981356665957719] | Q28: ['submit_text'] | V28: 0 | W28: 6 | X28: 6 | Y28: 4 | Z28: 44.208471 | AH28: 44.199365 | AI28: 44.208471 | AJ28: 44.208471 | AK28: 44.208471 | AL28: 0.0017390409 | AM28: 47.180909 | AN28: hose | AO28: [np.float64(0.06115107913669065)] | AP28: [np.float64(-0.2976618705035971)] | AQ28: [1] | AR28: [0] | AS28: [0] | AT28: [2.981356665957719] | AU28: ['submit_text'] | AZ28: 2.1 | BA28: 1 | BB28: 2025-11-09_13h01.38.419 | BC28: word_priming_sp | BE28: 2025.1.1 | BF28: None | BG28: 2025-11-09 13h01.58.766245 +0530
B29: 7 | C29: 7 | D29: 0 | G29: a_da_i_ _s | H29: audacious | I29: old | K29: [] | L29: [] | M29: [] | N29: [] | O29: [] | P29: [] | Q29: [] | V29: 0 | W29: 7 | X29: 7 | Y29: 12 | Z29: 47.192406 | AH29: 47.183399 | AI29: 47.192406 | AJ29: 47.192406 | AK29: 47.192406 | AL29: 0.0023991249 | AM29: 57.178354 | AO29: [] | AP29: [] | AQ29: [] | AR29: [] | AS29: [] | AT29: [] | AU29: [] | AV29: 57.187526 | AW29: 57.187526 | AX29: 57.187526 | AY29: 9.9971968 | AZ29: 2.1 | BA29: 1 | BB29: 2025-11-09_13h01.38.419 | BC29: word_priming_sp | BE29: 2025.1.1 | BF29: None | BG29: 2025-11-09 13h01.58.766245 +0530
B30: 8 | C30: 8 | D30: 0 | G30: p_ _e | H30: page | I30: new | K30: [np.float64(0.06115107913669065)] | L30: [np.float64(-0.2976618705035971)] | M30: [1] | N30: [0] | O30: [0] | P30: [1.2169049170333892] | Q30: ['submit_text'] | V30: 0 | W30: 8 | X30: 8 | Y30: 21 | Z30: 57.187526 | AH30: 57.180178 | AI30: 57.187526 | AJ30: 57.187526 | AK30: 57.187526 | AL30: -0.00082808291 | AM30: 58.39723 | AO30: [np.float64(0.06115107913669065)] | AP30: [np.float64(-0.2976618705035971)] | AQ30: [1] | AR30: [0] | AS30: [0] | AT30: [1.2169049170333892] | AU30: ['submit_text'] | AZ30: 2.1 | BA30: 1 | BB30: 2025-11-09_13h01.38.419 | BC30: word_priming_sp | BE30: 2025.1.1 | BF30: None | BG30: 2025-11-09 13h01.58.766245 +0530
B31: 9 | C31: 9 | D31: 0 | G31: b_gu_l_ | H31: beguile | I31: old | J31: beguile | K31: [np.float64(0.06115107913669065)] | L31: [np.float64(-0.2904676258992806)] | M31: [1] | N31: [0] | O31: [0] | P31: [6.114784625126049] | Q31: ['submit_text'] | V31: 0 | W31: 9 | X31: 9 | Y31: 14 | Z31: 58.406813 | AH31: 58.398877 | AI31: 58.406813 | AJ31: 58.406813 | AK31: 58.406813 | AL31: 0.0015627081 | AM31: 64.513832 | AN31: beguile | AO31: [np.float64(0.06115107913669065)] | AP31: [np.float64(-0.2904676258992806)] | AQ31: [1] | AR31: [0] | AS31: [0] | AT31: [6.114784625126049] | AU31: ['submit_text'] | AZ31: 2.1 | BA31: 1 | BB31: 2025-11-09_13h01.38.419 | BC31: word_priming_sp | BE31: 2025.1.1 | BF31: None | BG31: 2025-11-09 13h01.58.766245 +0530
B32: 10 | C32: 10 | D32: 0 | G32: e_o_ _r_c | H32: esoteric | I32: old | J32: esoteric | K32: [np.float64(0.06115107913669065)] | L32: [np.float64(-0.2904676258992806)] | M32: [1] | N32: [0] | O32: [0] | P32: [3.7803987921215594] | Q32: ['submit_text'] | V32: 0 | W32: 10 | X32: 10 | Y32: 17 | Z32: 64.525324 | AH32: 64.516408 | AI32: 64.525324 | AJ32: 64.525324 | AK32: 64.525324 | AL32: 0.002483292 | AM32: 68.297015 | AN32: esoteric | AO32: [np.float64(0.06115107913669065)] | AP32: [np.float64(-0.2904676258992806)] | AQ32: [1] | AR32: [0] | AS32: [0] | AT32: [3.7803987921215594] | AU32: ['submit_text'] | AZ32: 2.1 | BA32: 1 | BB32: 2025-11-09_13h01.38.419 | BC32: word_priming_sp | BE32: 2025.1.1 | BF32: None | BG32: 2025-11-09 13h01.58.766245 +0530
B33: 11 | C33: 11 | D33: 0 | G33: _in_ _u_ | H33: minimum | I33: old | K33: [np.float64(0.06115107913669065)] | L33: [np.float64(-0.2904676258992806)] | M33: [1] | N33: [0] | O33: [0] | P33: [5.097471999935806] | Q33: ['submit_text'] | V33: 0 | W33: 11 | X33: 11 | Y33: 8 | Z33: 68.308789 | AH33: 68.299312 | AI33: 68.308789 | AJ33: 68.308789 | AK33: 68.308789 | AL33: 0.0022007502 | AM33: 73.396973 | AO33: [np.float64(0.06115107913669065)] | AP33: [np.float64(-0.2904676258992806)] | AQ33: [1] | AR33: [0] | AS33: [0] | AT33: [5.097471999935806] | AU33: ['submit_text'] | AZ33: 2.1 | BA33: 1 | BB33: 2025-11-09_13h01.38.419 | BC33: word_priming_sp | BE33: 2025.1.1 | BF33: None | BG33: 2025-11-09 13h01.58.766245 +0530
B34: 12 | C34: 12 | D34: 0 | G34: pa_s_m_ _y | H34: parsimony | I34: old | J34: parsimony | K34: [np.float64(0.06115107913669065)] | L34: [np.float64(-0.2904676258992806)] | M34: [1] | N34: [0] | O34: [0] | P34: [4.032237291103229] | Q34: ['submit_text'] | V34: 0 | W34: 12 | X34: 12 | Y34: 18 | Z34: 73.406834 | AH34: 73.398868 | AI34: 73.406834 | AJ34: 73.406834 | AK34: 73.406834 | AL34: 0.0017951669 | AM34: 77.431316 | AN34: parsimony | AO34: [np.float64(0.06115107913669065)] | AP34: [np.float64(-0.2904676258992806)] | AQ34: [1] | AR34: [0] | AS34: [0] | AT34: [4.032237291103229] | AU34: ['submit_text'] | AZ34: 2.1 | BA34: 1 | BB34: 2025-11-09_13h01.38.419 | BC34: word_priming_sp | BE34: 2025.1.1 | BF34: None | BG34: 2025-11-09 13h01.58.766245 +0530
B35: 13 | C35: 13 | D35: 0 | G35: _h_ls_ | H35: whilst | I35: old | K35: [np.float64(0.06205035971223022)] | L35: [np.float64(-0.29136690647482016)] | M35: [1] | N35: [0] | O35: [0] | P35: [8.019994917092845] | Q35: ['submit_text'] | V35: 0 | W35: 13 | X35: 13 | Y35: 7 | Z35: 77.442001 | AH35: 77.433411 | AI35: 77.442001 | AJ35: 77.442001 | AK35: 77.442001 | AL35: 0.001993208 | AM35: 85.453597 | AO35: [np.float64(0.06205035971223022)] | AP35: [np.float64(-0.29136690647482016)] | AQ35: [1] | AR35: [0] | AS35: [0] | AT35: [8.019994917092845] | AU35: ['submit_text'] | AZ35: 2.1 | BA35: 1 | BB35: 2025-11-09_13h01.38.419 | BC35: word_priming_sp | BE35: 2025.1.1 | BF35: None | BG35: 2025-11-09 13h01.58.766245 +0530
B36: 14 | C36: 14 | D36: 0 | G36: o_sc_r_ | H36: obscure | I36: new | J36: o | K36: [np.float64(0.06205035971223022)] | L36: [np.float64(-0.29136690647482016)] | M36: [1] | N36: [0] | O36: [0] | P36: [4.492669583065435] | Q36: ['submit_text'] | V36: 0 | W36: 14 | X36: 14 | Y36: 24 | Z36: 85.461231 | AH36: 85.454862 | AI36: 85.461231 | AJ36: 85.461231 | AK36: 85.461231 | AL36: 0.001193916 | AM36: 89.947689 | AN36: o | AO36: [np.float64(0.06205035971223022)] | AP36: [np.float64(-0.29136690647482016)] | AQ36: [1] | AR36: [0] | AS36: [0] | AT36: [4.492669583065435] | AU36: ['submit_text'] | AZ36: 2.1 | BA36: 1 | BB36: 2025-11-09_13h01.38.419 | BC36: word_priming_sp | BE36: 2025.1.1 | BF36: None | BG36: 2025-11-09 13h01.58.766245 +0530
B37: 15 | C37: 15 | D37: 0 | G37: sa_d_ _ c_ | H37: sandwich | I37: old | K37: [np.float64(0.06115107913669065)] | L37: [np.float64(-0.30035971223021585)] | M37: [1] | N37: [0] | O37: [0] | P37: [3.5457428751979023] | Q37: ['submit_text'] | V37: 0 | W37: 15 | X37: 15 | Y37: 2 | Z37: 89.959025 | AH37: 89.950198 | AI37: 89.959025 | AJ37: 89.959025 | AK37: 89.959025 | AL37: 0.0024154589 | AM37: 93.496164 | AO37: [np.float64(0.06115107913669065)] | AP37: [np.float64(-0.30035971223021585)] | AQ37: [1] | AR37: [0] | AS37: [0] | AT37: [3.5457428751979023] | AU37: ['submit_text'] | AZ37: 2.1 | BA37: 1 | BB37: 2025-11-09_13h01.38.419 | BC37: word_priming_sp | BE37: 2025.1.1 | BF37: None | BG37: 2025-11-09 13h01.58.766245 +0530
B38: 16 | C38: 16 | D38: 0 | G38: _ui_ _ | H38: quill | I38: old | K38: [np.float64(-0.0170863309352518)] | L38: [np.float64(-0.3039568345323741)] | M38: [1] | N38: [0] | O38: [0] | P38: [4.180949457921088] | Q38: ['submit_text'] | V38: 0 | W38: 16 | X38: 16 | Y38: 10 | Z38: 93.506314 | AH38: 93.49834 | AI38: 93.506314 | AJ38: 93.506314 | AK38: 93.506314 | AL38: 0.0020944159 | AM38: 97.67946 | AO38: [np.float64(-0.0170863309352518)] | AP38: [np.float64(-0.3039568345323741)] | AQ38: [1] | AR38: [0] | AS38: [0] | AT38: [4.180949457921088] | AU38: ['submit_text'] | AZ38: 2.1 | BA38: 1 | BB38: 2025-11-09_13h01.38.419 | BC38: word_priming_sp | BE38: 2025.1.1 | BF38: None | BG38: 2025-11-09 13h01.58.766245 +0530
B39: 17 | C39: 17 | D39: 0 | G39: la_g_ _e_ | H39: laughter | I39: old | J39: laughter | K39: [np.float64(-0.0170863309352518)] | L39: [np.float64(-0.3039568345323741)] | M39: [1] | N39: [0] | O39: [0] | P39: [2.9972096658311784] | Q39: ['submit_text'] | V39: 0 | W39: 17 | X39: 17 | Y39: 6 | Z39: 97.704353 | AH39: 97.681457 | AI39: 97.704353 | AJ39: 97.704353 | AK39: 97.704353 | AL39: 0.0019088332 | AM39: 100.67885 | AN39: laughter | AO39: [np.float64(-0.0170863309352518)] | AP39: [np.float64(-0.3039568345323741)] | AQ39: [1] | AR39: [0] | AS39: [0] | AT39: [2.9972096658311784] | AU39: ['submit_text'] | AZ39: 2.1 | BA39: 1 | BB39: 2025-11-09_13h01.38.419 | BC39: word_priming_sp | BE39: 2025.1.1 | BF39: None | BG39: 2025-11-09 13h01.58.766245 +0530
B40: 18 | C40: 18 | D40: 0 | G40: b_o_ | H40: book | I40: old | J40: book | K40: [np.float64(-0.0170863309352518)] | L40: [np.float64(-0.3039568345323741)] | M40: [1] | N40: [0] | O40: [0] | P40: [2.065773416077718] | Q40: ['submit_text'] | V40: 0 | W40: 18 | X40: 18 | Y40: 0 | Z40: 100.69122 | AH40: 100.68095 | AI40: 100.69122 | AJ40: 100.69122 | AK40: 100.69122 | AL40: 0.0020117089 | AM40: 102.74695 | AN40: book | AO40: [np.float64(-0.0170863309352518)] | AP40: [np.float64(-0.3039568345323741)] | AQ40: [1] | AR40: [0] | AS40: [0] | AT40: [2.065773416077718] | AU40: ['submit_text'] | AZ40: 2.1 | BA40: 1 | BB40: 2025-11-09_13h01.38.419 | BC40: word_priming_sp | BE40: 2025.1.1 | BF40: None | BG40: 2025-11-09 13h01.58.766245 +0530
B41: 19 | C41: 19 | D41: 0 | G41: _l_u_ia_ | H41: alluvium | I41: old | K41: [np.float64(-0.0170863309352518)] | L41: [np.float64(-0.3039568345323741)] | M41: [1] | N41: [0] | O41: [0] | P41: [5.53042091592215] | Q41: ['submit_text'] | V41: 0 | W41: 19 | X41: 19 | Y41: 13 | Z41: 102.75867 | AH41: 102.74904 | AI41: 102.75867 | AJ41: 102.75867 | AK41: 102.75867 | AL41: 0.0020038339 | AM41: 108.27968 | AO41: [np.float64(-0.0170863309352518)] | AP41: [np.float64(-0.3039568345323741)] | AQ41: [1] | AR41: [0] | AS41: [0] | AT41: [5.53042091592215] | AU41: ['submit_text'] | AZ41: 2.1 | BA41: 1 | BB41: 2025-11-09_13h01.38.419 | BC41: word_priming_sp | BE41: 2025.1.1 | BF41: None | BG41: 2025-11-09 13h01.58.766245 +0530
B42: 20 | C42: 20 | D42: 0 | G42: _a_l_nc_ | H42: parlance | I42: old | J42: balance | K42: [np.float64(-0.0170863309352518)] | L42: [np.float64(-0.3039568345323741)] | M42: [1] | N42: [0] | O42: [0] | P42: [4.615536000113934] | Q42: ['submit_text'] | V42: 0 | W42: 20 | X42: 20 | Y42: 11 | Z42: 108.30427 | AH42: 108.28134 | AI42: 108.30427 | AJ42: 108.30427 | AK42: 108.30427 | AL42: 0.001574625 | AM42: 112.89707 | AN42: balance | AO42: [np.float64(-0.0170863309352518)] | AP42: [np.float64(-0.3039568345323741)] | AQ42: [1] | AR42: [0] | AS42: [0] | AT42: [4.615536000113934] | AU42: ['submit_text'] | AZ42: 2.1 | BA42: 1 | BB42: 2025-11-09_13h01.38.419 | BC42: word_priming_sp | BE42: 2025.1.1 | BF42: None | BG42: 2025-11-09 13h01.58.766245 +0530
B43: 21 | C43: 21 | D43: 0 | G43: _i_a _io_s | H43: vicarious | I43: old | J43: vicarious | K43: [np.float64(-0.0170863309352518)] | L43: [np.float64(-0.3039568345323741)] | M43: [1] | N43: [0] | O43: [0] | P43: [4.714420249918476] | Q43: ['submit_text'] | V43: 0 | W43: 21 | X43: 21 | Y43: 19 | Z43: 112.90872 | AH43: 112.89948 | AI43: 112.90872 | AJ43: 112.90872 | AK43: 112.90872 | AL43: 0.002322 | AM43: 117.61414 | AN43: vicarious | AO43: [np.float64(-0.0170863309352518)] | AP43: [np.float64(-0.3039568345323741)] | AQ43: [1] | AR43: [0] | AS43: [0] | AT43: [4.714420249918476] | AU43: ['submit_text'] | AZ43: 2.1 | BA43: 1 | BB43: 2025-11-09_13h01.38.419 | BC43: word_priming_sp | BE43: 2025.1.1 | BF43: None | BG43: 2025-11-09 13h01.58.766245 +0530
B44: 22 | C44: 22 | D44: 0 | G44: _ a_pe_ | H44: carpet | I44: old | K44: [np.float64(-0.0170863309352518)] | L44: [np.float64(-0.3039568345323741)] | M44: [1] | N44: [0] | O44: [0] | P44: [3.213073750026524] | Q44: ['submit_text'] | V44: 0 | W44: 22 | X44: 22 | Y44: 1 | Z44: 117.62528 | AH44: 117.61657 | AI44: 117.62528 | AJ44: 117.62528 | AK44: 117.62528 | AL44: 0.0023401249 | AM44: 120.82987 | AO44: [np.float64(-0.0170863309352518)] | AP44: [np.float64(-0.3039568345323741)] | AQ44: [1] | AR44: [0] | AS44: [0] | AT44: [3.213073750026524] | AU44: ['submit_text'] | AZ44: 2.1 | BA44: 1 | BB44: 2025-11-09_13h01.38.419 | BC44: word_priming_sp | BE44: 2025.1.1 | BF44: None | BG44: 2025-11-09 13h01.58.766245 +0530
B45: 23 | C45: 23 | D45: 0 | G45: _ru_s_ | H45: cruise | I45: old | J45: cruise | K45: [np.float64(-0.0170863309352518)] | L45: [np.float64(-0.3039568345323741)] | M45: [1] | N45: [0] | O45: [0] | P45: [5.449633500073105] | Q45: ['submit_text'] | V45: 0 | W45: 23 | X45: 23 | Y45: 9 | Z45: 120.83973 | AH45: 120.83141 | AI45: 120.83973 | AJ45: 120.83973 | AK45: 120.83973 | AL45: 0.001477292 | AM45: 126.28125 | AN45: cruise | AO45: [np.float64(-0.0170863309352518)] | AP45: [np.float64(-0.3039568345323741)] | AQ45: [1] | AR45: [0] | AS45: [0] | AT45: [5.449633500073105] | AU45: ['submit_text'] | AZ45: 2.1 | BA45: 1 | BB45: 2025-11-09_13h01.38.419 | BC45: word_priming_sp | BE45: 2025.1.1 | BF45: None | BG45: 2025-11-09 13h01.58.766245 +0530
B46: 24 | C46: 24 | D46: 0 | G46: ca_o_h_ _y | H46: cacophony | I46: old | J46: cacophony | K46: [np.float64(-0.0170863309352518)] | L46: [np.float64(-0.3039568345323741)] | M46: [1] | N46: [0] | O46: [0] | P46: [3.3130928750615567] | Q46: ['submit_text'] | V46: 0 | W46: 24 | X46: 24 | Y46: 16 | Z46: 126.29245 | AH46: 126.28386 | AI46: 126.29245 | AJ46: 126.29245 | AK46: 126.29245 | AL46: 0.0025123751 | AM46: 129.59719 | AN46: cacophony | AO46: [np.float64(-0.0170863309352518)] | AP46: [np.float64(-0.3039568345323741)] | AQ46: [1] | AR46: [0] | AS46: [0] | AT46: [3.3130928750615567] | AU46: ['submit_text'] | AZ46: 2.1 | BA46: 1 | BB46: 2025-11-09_13h01.38.419 | BC46: word_priming_sp | BE46: 2025.1.1 | BF46: None | BG46: 2025-11-09 13h01.58.766245 +0530
K48: prop hit from study list | L48: 11 by 12 | M48: =11/12 -> 0.91666667
K49: prop hit from non primed words | L49: 3 by 3 | M49: =3/3 -> 1
K51: priming score after | M51: =M48-M49 -> -0.083333333
K53: difference
M54: =M51-'2 sleep'!M51 -> -0.2745098

Sheet 3
A1: study_word | B1: thisN | C1: thisTrialN | D1: thisRepN | E1: StudySlider.response | F1: StudySlider.rt | G1: test_word | H1: Reference | I1: old_new | J1: test_textbox.text | K1: testmouse.x | L1: testmouse.y | M1: testmouse.leftButton | N1: testmouse.midButton | O1: testmouse.rightButton | P1: testmouse.time | Q1: testmouse.clicked_name | R1: trials.thisRepN | S1: trials.thisTrialN | T1: trials.thisN | U1: trials.thisIndex | V1: trials_2.thisRepN | W1: trials_2.thisTrialN | X1: trials_2.thisN | Y1: trials_2.thisIndex | Z1: thisRow.t | AA1: notes | AB1: trial.started | AC1: StudyText.started | AD1: StudySlider.started | AE1: trial.stopped | AF1: trials.StudySlider.response | AG1: trials.StudySlider.rt | AH1: Test_Phase.started | AI1: TestText.started | AJ1: test_textbox.started | AK1: submit_text.started | AL1: testmouse.started | AM1: Test_Phase.stopped | AN1: trials_2.test_textbox.text | AO1: trials_2.testmouse.x | AP1: trials_2.testmouse.y | AQ1: trials_2.testmouse.leftButton | AR1: trials_2.testmouse.midButton | AS1: trials_2.testmouse.rightButton | AT1: trials_2.testmouse.time | AU1: trials_2.testmouse.clicked_name | AV1: TestText.stopped | AW1: test_textbox.stopped | AX1: submit_text.stopped | AY1: testmouse.stopped | AZ1: participant | BA1: session | BB1: date | BC1: expName | BD1: expVersion | BE1: psychopyVersion | BF1: frameRate | BG1: expStart
A2: hose | B2: 0 | C2: 0 | D2: 0 | E2: 1.1726619 | F2: 2.4672267 | R2: 0 | S2: 0 | T2: 0 | U2: 4 | Z2: 0.030752959 | AB2: 0.015926334 | AC2: 0.030752959 | AD2: 0.030752959 | AE2: 2.4921357 | AF2: 1.1726619 | AG2: 2.4672267 | AZ2: 3 | BA2: 1 | BB2: 2025-11-10_14h05.16.359 | BC2: word_priming_sp | BE2: 2025.1.1 | BF2: None | BG2: 2025-11-10 14h06.22.568231 +0530
A3: memory | B3: 1 | C3: 1 | D3: 0 | E3: 1.0431655 | F3: 1.587797 | R3: 0 | S3: 1 | T3: 1 | U3: 3 | Z3: 2.5019627 | AB3: 2.4952177 | AC3: 2.5019627 | AD3: 2.5019627 | AE3: 4.0920631 | AF3: 1.0431655 | AG3: 1.587797 | AZ3: 3 | BA3: 1 | BB3: 2025-11-10_14h05.16.359 | BC3: word_priming_sp | BE3: 2025.1.1 | BF3: None | BG3: 2025-11-10 14h06.22.568231 +0530
A4: esoteric | B4: 2 | C4: 2 | D4: 0 | E4: 2.4604317 | F4: 1.3723395 | R4: 0 | S4: 2 | T4: 2 | U4: 17 | Z4: 4.1005683 | AB4: 4.0940031 | AC4: 4.1005683 | AD4: 4.1005683 | AE4: 5.4753905 | AF4: 2.4604317 | AG4: 1.3723395 | AZ4: 3 | BA4: 1 | BB4: 2025-11-10_14h05.16.359 | BC4: word_priming_sp | BE4: 2025.1.1 | BF4: None | BG4: 2025-11-10 14h06.22.568231 +0530
A5: booth | B5: 3 | C5: 3 | D5: 0 | E5: 1.557554 | F5: 1.2388925 | R5: 0 | S5: 3 | T5: 3 | U5: 5 | Z5: 5.4836835 | AB5: 5.4772704 | AC5: 5.4836835 | AD5: 5.4836835 | AE5: 6.7254471 | AF5: 1.557554 | AG5: 1.2388925 | AZ5: 3 | BA5: 1 | BB5: 2025-11-10_14h05.16.359 | BC5: word_priming_sp | BE5: 2025.1.1 | BF5: None | BG5: 2025-11-10 14h06.22.568231 +0530
A6: vicarious | B6: 4 | C6: 4 | D6: 0 | E6: 3.5215827 | F6: 1.7379353 | R6: 0 | S6: 4 | T6: 4 | U6: 19 | Z6: 6.7349452 | AB6: 6.7284435 | AC6: 6.7349452 | AD6: 6.7349452 | AE6: 8.4753685 | AF6: 3.5215827 | AG6: 1.7379353 | AZ6: 3 | BA6: 1 | BB6: 2025-11-10_14h05.16.359 | BC6: word_priming_sp | BE6: 2025.1.1 | BF6: None | BG6: 2025-11-10 14h06.22.568231 +0530
A7: cruise | B7: 5 | C7: 5 | D7: 0 | E7: 2 | F7: 3.0392034 | R7: 0 | S7: 5 | T7: 5 | U7: 9 | Z7: 8.4837768 | AB7: 8.4771346 | AC7: 8.4837768 | AD7: 8.4837768 | AE7: 11.525352 | AF7: 2 | AG7: 3.0392034 | AZ7: 3 | BA7: 1 | BB7: 2025-11-10_14h05.16.359 | BC7: word_priming_sp | BE7: 2025.1.1 | BF7: None | BG7: 2025-11-10 14h06.22.568231 +0530
A8: laughter | B8: 6 | C8: 6 | D8: 0 | E8: 1.8669065 | F8: 1.3219583 | R8: 0 | S8: 6 | T8: 6 | U8: 6 | Z8: 11.534637 | AB8: 11.528062 | AC8: 11.534637 | AD8: 11.534637 | AE8: 12.858219 | AF8: 1.8669065 | AG8: 1.3219583 | AZ8: 3 | BA8: 1 | BB8: 2025-11-10_14h05.16.359 | BC8: word_priming_sp | BE8: 2025.1.1 | BF8: None | BG8: 2025-11-10 14h06.22.568231 +0530
A9: audacious | B9: 7 | C9: 7 | D9: 0 | E9: 2.4784173 | F9: 1.2887021 | R9: 0 | S9: 7 | T9: 7 | U9: 12 | Z9: 12.86787 | AB9: 12.860917 | AC9: 12.86787 | AD9: 12.86787 | AE9: 14.158742 | AF9: 2.4784173 | AG9: 1.2887021 | AZ9: 3 | BA9: 1 | BB9: 2025-11-10_14h05.16.359 | BC9: word_priming_sp | BE9: 2025.1.1 | BF9: None | BG9: 2025-11-10 14h06.22.568231 +0530
A10: beguile | B10: 8 | C10: 8 | D10: 0 | E10: 4.9568345 | F10: 2.1056565 | R10: 0 | S10: 8 | T10: 8 | U10: 14 | Z10: 14.167233 | AB10: 14.160633 | AC10: 14.167233 | AD10: 14.167233 | AE10: 16.275342 | AF10: 4.9568345 | AG10: 2.1056565 | AZ10: 3 | BA10: 1 | BB10: 2025-11-10_14h05.16.359 | BC10: word_priming_sp | BE10: 2025.1.1 | BF10: None | BG10: 2025-11-10 14h06.22.568231 +0530
A11: quill | B11: 9 | C11: 9 | D11: 0 | E11: 4.0215827 | F11: 1.4216638 | R11: 0 | S11: 9 | T11: 9 | U11: 10 | Z11: 16.284689 | AB11: 16.278011 | AC11: 16.284689 | AD11: 16.284689 | AE11: 17.708655 | AF11: 4.0215827 | AG11: 1.4216638 | AZ11: 3 | BA11: 1 | BB11: 2025-11-10_14h05.16.359 | BC11: word_priming_sp | BE11: 2025.1.1 | BF11: None | BG11: 2025-11-10 14h06.22.568231 +0530
A12: sandwich | B12: 10 | C12: 10 | D12: 0 | E12: 1.0323741 | F12: 1.5712889 | R12: 0 | S12: 10 | T12: 10 | U12: 2 | Z12: 17.718167 | AB12: 17.711512 | AC12: 17.718167 | AD12: 17.718167 | AE12: 19.291962 | AF12: 1.0323741 | AG12: 1.5712889 | AZ12: 3 | BA12: 1 | BB12: 2025-11-10_14h05.16.359 | BC12: word_priming_sp | BE12: 2025.1.1 | BF12: None | BG12: 2025-11-10 14h06.22.568231 +0530
A13: alluvium | B13: 11 | C13: 11 | D13: 0 | E13: 5 | F13: 2.0726865 | R13: 0 | S13: 11 | T13: 11 | U13: 13 | Z13: 19.300123 | AB13: 19.293662 | AC13: 19.300123 | AD13: 19.300123 | AE13: 21.37531 | AF13: 5 | AG13: 2.0726865 | AZ13: 3 | BA13: 1 | BB13: 2025-11-10_14h05.16.359 | BC13: word_priming_sp | BE13: 2025.1.1 | BF13: None | BG13: 2025-11-10 14h06.22.568231 +0530
... A21: minimum | B21: 19 | C21: 19 | D21: 0 | E21: 1 | F21: 2.1228188 | R21: 0 | S21: 19 | T21: 19 | U21: 8 | Z21: 32.800031 | AB21: 32.793528 | AC21: 32.800031 | AD21: 32.800031 | AE21: 34.925282 | AF21: 1 | AG21: 2.1228188 | AZ21: 3 | BA21: 1 | BB21: 2025-11-10_14h05.16.359 | BC21: word_priming_sp | BE21: 2025.1.1 | BF21: None | BG21: 2025-11-10 14h06.22.568231 +0530
B22: 0 | C22: 0 | D22: 0 | G22: _en_il | H22: pencil | I22: new | K22: [] | L22: [] | M22: [] | N22: [] | O22: [] | P22: [] | Q22: [] | V22: 0 | W22: 0 | X22: 0 | Y22: 22 | Z22: 34.94258 | AH22: 34.933997 | AI22: 34.94258 | AJ22: 34.94258 | AK22: 34.94258 | AL22: 0.0087134172 | AM22: 44.932285 | AO22: [] | AP22: [] | AQ22: [] | AR22: [] | AS22: [] | AT22: [] | AU22: [] | AZ22: 3 | BA22: 1 | BB22: 2025-11-10_14h05.16.359 | BC22: word_priming_sp | BE22: 2025.1.1 | BF22: None | BG22: 2025-11-10 14h06.22.568231 +0530
B23: 1 | C23: 1 | D23: 0 | G23: _a_l_nc_ | H23: parlance | I23: old | J23: parlance | K23: [np.float64(0.26348920863309355)] | L23: [np.float64(-0.2922661870503597)] | M23: [1] | N23: [0] | O23: [0] | P23: [9.016416000202298] | Q23: [None] | V23: 0 | W23: 1 | X23: 1 | Y23: 11 | Z23: 44.942466 | AH23: 44.934196 | AI23: 44.942466 | AJ23: 44.942466 | AK23: 44.942466 | AL23: 0.0089125 | AM23: 54.925115 | AN23: parlance | AO23: [np.float64(0.26348920863309355)] | AP23: [np.float64(-0.2922661870503597)] | AQ23: [1] | AR23: [0] | AS23: [0] | AT23: [9.016416000202298] | AU23: [None] | AV23: 54.936948 | AW23: 54.936948 | AX23: 54.936948 | AY23: 9.9996488 | AZ23: 3 | BA23: 1 | BB23: 2025-11-10_14h05.16.359 | BC23: word_priming_sp | BE23: 2025.1.1 | BF23: None | BG23: 2025-11-10 14h06.22.568231 +0530
B24: 2 | C24: 2 | D24: 0 | G24: ca_o_h_ _y | H24: cacophony | I24: old | J24: cacophany | K24: [np.float64(0.03776978417266187)] | L24: [np.float64(-0.27697841726618705)] | M24: [1] | N24: [0] | O24: [0] | P24: [5.1055619169492275] | Q24: ['submit_text'] | V24: 0 | W24: 2 | X24: 2 | Y24: 16 | Z24: 54.936948 | AH24: 54.927801 | AI24: 54.936948 | AJ24: 54.936948 | AK24: 54.936948 | AL24: 0.0025219591 | AM24: 60.033551 | AN24: cacophany | AO24: [np.float64(0.03776978417266187)] | AP24: [np.float64(-0.27697841726618705)] | AQ24: [1] | AR24: [0] | AS24: [0] | AT24: [5.1055619169492275] | AU24: ['submit_text'] | AZ24: 3 | BA24: 1 | BB24: 2025-11-10_14h05.16.359 | BC24: word_priming_sp | BE24: 2025.1.1 | BF24: None | BG24: 2025-11-10 14h06.22.568231 +0530
B25: 3 | C25: 3 | D25: 0 | G25: _i_a _io_s | H25: vicarious | I25: old | K25: [] | L25: [] | M25: [] | N25: [] | O25: [] | P25: [] | Q25: [] | V25: 0 | W25: 3 | X25: 3 | Y25: 19 | Z25: 60.044803 | AH25: 60.035658 | AI25: 60.044803 | AJ25: 60.044803 | AK25: 60.044803 | AL25: 0.0020165832 | AM25: 70.031899 | AO25: [] | AP25: [] | AQ25: [] | AR25: [] | AS25: [] | AT25: [] | AU25: [] | AV25: 70.041364 | AW25: 70.041364 | AX25: 70.041364 | AY25: 9.9981018 | AZ25: 3 | BA25: 1 | BB25: 2025-11-10_14h05.16.359 | BC25: word_priming_sp | BE25: 2025.1.1 | BF25: None | BG25: 2025-11-10 14h06.22.568231 +0530
B26: 4 | C26: 4 | D26: 0 | G26: _oo_h | H26: booth | I26: old | J26: booth | K26: [np.float64(0.04946043165467626), np.float64(0.03327338129496403)] | L26: [np.float64(-0.2383093525179856), np.float64(-0.29406474820143885)] | M26: [1, 1] | N26: [0, 0] | O26: [0, 0] | P26: [2.134483584202826, 3.099413959076628] | Q26: [None, 'submit_text'] | V26: 0 | W26: 4 | X26: 4 | Y26: 5 | Z26: 70.041364 | AH26: 70.033693 | AI26: 70.041364 | AJ26: 70.041364 | AK26: 70.041364 | AL26: 5.0958013e-05 | AM26: 73.133272 | AN26: booth | AO26: [np.float64(0.04946043165467626), np.float64(0.03327338129496403)] | AP26: [np.float64(-0.2383093525179856), np.float64(-0.29406474820143885)] | AQ26: [1, 1] | AR26: [0, 0] | AS26: [0, 0] | AT26: [2.134483584202826, 3.099413959076628] | AU26: [None, 'submit_text'] | AZ26: 3 | BA26: 1 | BB26: 2025-11-10_14h05.16.359 | BC26: word_priming_sp | BE26: 2025.1.1 | BF26: None | BG26: 2025-11-10 14h06.22.568231 +0530
B27: 5 | C27: 5 | D27: 0 | G27: e_o_ _r_c | H27: esoteric | I27: old | J27: esoteric | K27: [np.float64(0.040467625899280574), np.float64(0.024280575539568347)] | L27: [np.float64(-0.2607913669064748), np.float64(-0.30305755395683454)] | M27: [1, 1] | N27: [0, 0] | O27: [0, 0] | P27: [4.097971667069942, 4.981297041988] | Q27: [None, 'submit_text'] | V27: 0 | W27: 5 | X27: 5 | Y27: 17 | Z27: 73.144263 | AH27: 73.13534 | AI27: 73.144263 | AJ27: 73.144263 | AK27: 73.144263 | AL27: 0.00196875 | AM27: 78.116822 | AN27: esoteric | AO27: [np.float64(0.040467625899280574), np.float64(0.024280575539568347)] | AP27: [np.float64(-0.2607913669064748), np.float64(-0.30305755395683454)] | AQ27: [1, 1] | AR27: [0, 0] | AS27: [0, 0] | AT27: [4.097971667069942, 4.981297041988] | AU27: [None, 'submit_text'] | AZ27: 3 | BA27: 1 | BB27: 2025-11-10_14h05.16.359 | BC27: word_priming_sp | BE27: 2025.1.1 | BF27: None | BG27: 2025-11-10 14h06.22.568231 +0530
B28: 6 | C28: 6 | D28: 0 | G28: _l_u_ia_ | H28: alluvium | I28: old | J28: aluvia | K28: [] | L28: [] | M28: [] | N28: [] | O28: [] | P28: [] | Q28: [] | V28: 0 | W28: 6 | X28: 6 | Y28: 13 | Z28: 78.128222 | AH28: 78.118929 | AI28: 78.128222 | AJ28: 78.128222 | AK28: 78.128222 | AL28: 0.0019946659 | AM28: 88.116202 | AN28: aluvia | AO28: [] | AP28: [] | AQ28: [] | AR28: [] | AS28: [] | AT28: [] | AU28: [] | AV28: 88.136102 | AW28: 88.136102 | AX28: 88.136102 | AY28: 9.9986855 | AZ28: 3 | BA28: 1 | BB28: 2025-11-10_14h05.16.359 | BC28: word_priming_sp | BE28: 2025.1.1 | BF28: None | BG28: 2025-11-10 14h06.22.568231 +0530
B29: 7 | C29: 7 | D29: 0 | G29: c_ _hi_n | H29: cushion | I29: new | K29: [np.float64(0.09712230215827339)] | L29: [np.float64(-0.3057553956834532)] | M29: [1] | N29: [0] | O29: [0] | P29: [7.297096458030865] | Q29: ['submit_text'] | V29: 0 | W29: 7 | X29: 7 | Y29: 20 | Z29: 88.136102 | AH29: 88.118463 | AI29: 88.136102 | AJ29: 88.136102 | AK29: 88.136102 | AL29: 0.001524 | AM29: 95.415739 | AO29: [np.float64(0.09712230215827339)] | AP29: [np.float64(-0.3057553956834532)] | AQ29: [1] | AR29: [0] | AS29: [0] | AT29: [7.297096458030865] | AU29: ['submit_text'] | AZ29: 3 | BA29: 1 | BB29: 2025-11-10_14h05.16.359 | BC29: word_priming_sp | BE29: 2025.1.1 | BF29: None | BG29: 2025-11-10 14h06.22.568231 +0530
B30: 8 | C30: 8 | D30: 0 | G30: pa_s_m_ _y | H30: parsimony | I30: old | J30: parsimony | K30: [np.float64(0.07553956834532374)] | L30: [np.float64(-0.3039568345323741)] | M30: [1] | N30: [0] | O30: [0] | P30: [6.498843834036961] | Q30: ['submit_text'] | V30: 0 | W30: 8 | X30: 8 | Y30: 18 | Z30: 95.424748 | AH30: 95.417617 | AI30: 95.424748 | AJ30: 95.424748 | AK30: 95.424748 | AL30: 0.0017940002 | AM30: 101.91663 | AN30: parsimony | AO30: [np.float64(0.07553956834532374)] | AP30: [np.float64(-0.3039568345323741)] | AQ30: [1] | AR30: [0] | AS30: [0] | AT30: [6.498843834036961] | AU30: ['submit_text'] | AZ30: 3 | BA30: 1 | BB30: 2025-11-10_14h05.16.359 | BC30: word_priming_sp | BE30: 2025.1.1 | BF30: None | BG30: 2025-11-10 14h06.22.568231 +0530
B31: 9 | C31: 9 | D31: 0 | G31: _ a_pe_ | H31: carpet | I31: old | J31: carpet | K31: [np.float64(0.052158273381294966)] | L31: [np.float64(-0.31564748201438847)] | M31: [1] | N31: [0] | O31: [0] | P31: [5.698550000088289] | Q31: ['submit_text'] | V31: 0 | W31: 9 | X31: 9 | Y31: 1 | Z31: 101.92795 | AH31: 101.91863 | AI31: 101.92795 | AJ31: 101.92795 | AK31: 101.92795 | AL31: 0.001902584 | AM31: 107.61737 | AN31: carpet | AO31: [np.float64(0.052158273381294966)] | AP31: [np.float64(-0.31564748201438847)] | AQ31: [1] | AR31: [0] | AS31: [0] | AT31: [5.698550000088289] | AU31: ['submit_text'] | AZ31: 3 | BA31: 1 | BB31: 2025-11-10_14h05.16.359 | BC31: word_priming_sp | BE31: 2025.1.1 | BF31: None | BG31: 2025-11-10 14h06.22.568231 +0530
B32: 10 | C32: 10 | D32: 0 | G32: b_gu_l_ | H32: beguile | I32: old | K32: [np.float64(0.051258992805755396)] | L32: [np.float64(-0.31564748201438847)] | M32: [1] | N32: [0] | O32: [0] | P32: [0.13119062478654087] | Q32: ['submit_text'] | V32: 0 | W32: 10 | X32: 10 | Y32: 14 | Z32: 107.62833 | AH32: 107.61924 | AI32: 107.62833 | AJ32: 107.62833 | AK32: 107.62833 | AL32: 0.0017927911 | AM32: 107.75061 | AO32: [np.float64(0.051258992805755396)] | AP32: [np.float64(-0.31564748201438847)] | AQ32: [1] | AR32: [0] | AS32: [0] | AT32: [0.13119062478654087] | AU32: ['submit_text'] | AZ32: 3 | BA32: 1 | BB32: 2025-11-10_14h05.16.359 | BC32: word_priming_sp | BE32: 2025.1.1 | BF32: None | BG32: 2025-11-10 14h06.22.568231 +0530
B33: 11 | C33: 11 | D33: 0 | G33: _os_ | H33: hose | I33: old | J33: lost | K33: [np.float64(0.0341726618705036), np.float64(0.030575539568345324)] | L33: [np.float64(-0.3462230215827338), np.float64(-0.2805755395683453)] | M33: [1, 1] | N33: [0, 0] | O33: [0, 0] | P33: [8.397853499976918, 8.914236875018105] | Q33: [None, 'submit_text'] | V33: 0 | W33: 11 | X33: 11 | Y33: 4 | Z33: 107.76046 | AH33: 107.75215 | AI33: 107.76046 | AJ33: 107.76046 | AK33: 107.76046 | AL33: 0.001445458 | AM33: 116.66658 | AN33: lost | AO33: [np.float64(0.0341726618705036), np.float64(0.030575539568345324)] | AP33: [np.float64(-0.3462230215827338), np.float64(-0.2805755395683453)] | AQ33: [1, 1] | AR33: [0, 0] | AS33: [0, 0] | AT33: [8.397853499976918, 8.914236875018105] | AU33: [None, 'submit_text'] | AZ33: 3 | BA33: 1 | BB33: 2025-11-10_14h05.16.359 | BC33: word_priming_sp | BE33: 2025.1.1 | BF33: None | BG33: 2025-11-10 14h06.22.568231 +0530
B34: 12 | C34: 12 | D34: 0 | G34: b_o_ | H34: book | I34: old | J34: book | K34: [np.float64(0.026079136690647483)] | L34: [np.float64(-0.29856115107913667)] | M34: [1] | N34: [0] | O34: [0] | P34: [2.7649998751003295] | Q34: ['submit_text'] | V34: 0 | W34: 12 | X34: 12 | Y34: 0 | Z34: 116.6779 | AH34: 116.66842 | AI34: 116.6779 | AJ34: 116.6779 | AK34: 116.6779 | AL34: 0.0017205419 | AM34: 119.43364 | AN34: book | AO34: [np.float64(0.026079136690647483)] | AP34: [np.float64(-0.29856115107913667)] | AQ34: [1] | AR34: [0] | AS34: [0] | AT34: [2.7649998751003295] | AU34: ['submit_text'] | AZ34: 3 | BA34: 1 | BB34: 2025-11-10_14h05.16.359 | BC34: word_priming_sp | BE34: 2025.1.1 | BF34: None | BG34: 2025-11-10 14h06.22.568231 +0530
B35: 13 | C35: 13 | D35: 0 | G35: _in_ _u_ | H35: minimum | I35: old | K35: [np.float64(0.026079136690647483)] | L35: [np.float64(-0.29856115107913667)] | M35: [1] | N35: [0] | O35: [0] | P35: [7.180309500079602] | Q35: ['submit_text'] | V35: 0 | W35: 13 | X35: 13 | Y35: 8 | Z35: 119.44477 | AH35: 119.43584 | AI35: 119.44477 | AJ35: 119.44477 | AK35: 119.44477 | AL35: 0.0021072919 | AM35: 126.61634 | AO35: [np.float64(0.026079136690647483)] | AP35: [np.float64(-0.29856115107913667)] | AQ35: [1] | AR35: [0] | AS35: [0] | AT35: [7.180309500079602] | AU35: ['submit_text'] | AZ35: 3 | BA35: 1 | BB35: 2025-11-10_14h05.16.359 | BC35: word_priming_sp | BE35: 2025.1.1 | BF35: None | BG35: 2025-11-10 14h06.22.568231 +0530
B36: 14 | C36: 14 | D36: 0 | G36: _h_ls_ | H36: whilst | I36: old | K36: [np.float64(0.03147482014388489)] | L36: [np.float64(-0.3039568345323741)] | M36: [1] | N36: [0] | O36: [0] | P36: [5.530963042052463] | Q36: ['submit_text'] | V36: 0 | W36: 14 | X36: 14 | Y36: 7 | Z36: 126.64144 | AH36: 126.61793 | AI36: 126.64144 | AJ36: 126.64144 | AK36: 126.64144 | AL36: 0.001506333 | AM36: 132.14906 | AO36: [np.float64(0.03147482014388489)] | AP36: [np.float64(-0.3039568345323741)] | AQ36: [1] | AR36: [0] | AS36: [0] | AT36: [5.530963042052463] | AU36: ['submit_text'] | AZ36: 3 | BA36: 1 | BB36: 2025-11-10_14h05.16.359 | BC36: word_priming_sp | BE36: 2025.1.1 | BF36: None | BG36: 2025-11-10 14h06.22.568231 +0530
B37: 15 | C37: 15 | D37: 0 | G37: a_da_i_ _s | H37: audacious | I37: old | J37: audavious | K37: [] | L37: [] | M37: [] | N37: [] | O37: [] | P37: [] | Q37: [] | V37: 0 | W37: 15 | X37: 15 | Y37: 12 | Z37: 132.1581 | AH37: 132.1509 | AI37: 132.1581 | AJ37: 132.1581 | AK37: 132.1581 | AL37: 0.0017548751 | AM37: 142.14137 | AN37: audavious | AO37: [] | AP37: [] | AQ37: [] | AR37: [] | AS37: [] | AT37: [] | AU37: [] | AV37: 142.15268 | AW37: 142.15268 | AX37: 142.15268 | AY37: 9.9920503 | AZ37: 3 | BA37: 1 | BB37: 2025-11-10_14h05.16.359 | BC37: word_priming_sp | BE37: 2025.1.1 | BF37: None | BG37: 2025-11-10 14h06.22.568231 +0530
B38: 16 | C38: 16 | D38: 0 | G38: _ui_ _ | H38: quill | I38: old | J38: quill | K38: [np.float64(0.022482014388489208)] | L38: [np.float64(-0.2949640287769784)] | M38: [1] | N38: [0] | O38: [0] | P38: [4.380551917012781] | Q38: ['submit_text'] | V38: 0 | W38: 16 | X38: 16 | Y38: 10 | Z38: 142.15268 | AH38: 142.14361 | AI38: 142.15268 | AJ38: 142.15268 | AK38: 142.15268 | AL38: 0.0036005841 | AM38: 146.53345 | AN38: quill | AO38: [np.float64(0.022482014388489208)] | AP38: [np.float64(-0.2949640287769784)] | AQ38: [1] | AR38: [0] | AS38: [0] | AT38: [4.380551917012781] | AU38: ['submit_text'] | AZ38: 3 | BA38: 1 | BB38: 2025-11-10_14h05.16.359 | BC38: word_priming_sp | BE38: 2025.1.1 | BF38: None | BG38: 2025-11-10 14h06.22.568231 +0530
B39: 17 | C39: 17 | D39: 0 | G39: _ru_s_ | H39: cruise | I39: old | K39: [np.float64(0.03237410071942446)] | L39: [np.float64(-0.322841726618705)] | M39: [1] | N39: [0] | O39: [0] | P39: [5.74667412484996] | Q39: ['submit_text'] | V39: 0 | W39: 17 | X39: 17 | Y39: 9 | Z39: 146.54465 | AH39: 146.53545 | AI39: 146.54465 | AJ39: 146.54465 | AK39: 146.54465 | AL39: 0.0019027079 | AM39: 152.28231 | AO39: [np.float64(0.03237410071942446)] | AP39: [np.float64(-0.322841726618705)] | AQ39: [1] | AR39: [0] | AS39: [0] | AT39: [5.74667412484996] | AU39: ['submit_text'] | AZ39: 3 | BA39: 1 | BB39: 2025-11-10_14h05.16.359 | BC39: word_priming_sp | BE39: 2025.1.1 | BF39: None | BG39: 2025-11-10 14h06.22.568231 +0530
B40: 18 | C40: 18 | D40: 0 | G40: c_m_r_ | H40: camera | I40: new | J40: camera | K40: [np.float64(0.014388489208633094)] | L40: [np.float64(-0.30845323741007197)] | M40: [1] | N40: [0] | O40: [0] | P40: [7.132653333013877] | Q40: ['submit_text'] | V40: 0 | W40: 18 | X40: 18 | Y40: 23 | Z40: 152.29119 | AH40: 152.28391 | AI40: 152.29119 | AJ40: 152.29119 | AK40: 152.29119 | AL40: 0.0015127088 | AM40: 159.41677 | AN40: camera | AO40: [np.float64(0.014388489208633094)] | AP40: [np.float64(-0.30845323741007197)] | AQ40: [1] | AR40: [0] | AS40: [0] | AT40: [7.132653333013877] | AU40: ['submit_text'] | AZ40: 3 | BA40: 1 | BB40: 2025-11-10_14h05.16.359 | BC40: word_priming_sp | BE40: 2025.1.1 | BF40: None | BG40: 2025-11-10 14h06.22.568231 +0530
B41: 19 | C41: 19 | D41: 0 | G41: o_sc_r_ | H41: obscure | I41: new | K41: [np.float64(0.014388489208633094)] | L41: [np.float64(-0.30845323741007197)] | M41: [1] | N41: [0] | O41: [0] | P41: [8.997319999849424] | Q41: ['submit_text'] | V41: 0 | W41: 19 | X41: 19 | Y41: 24 | Z41: 159.42828 | AH41: 159.41881 | AI41: 159.42828 | AJ41: 159.42828 | AK41: 159.42828 | AL41: 0.0019520419 | AM41: 168.41636 | AO41: [np.float64(0.014388489208633094)] | AP41: [np.float64(-0.30845323741007197)] | AQ41: [1] | AR41: [0] | AS41: [0] | AT41: [8.997319999849424] | AU41: ['submit_text'] | AZ41: 3 | BA41: 1 | BB41: 2025-11-10_14h05.16.359 | BC41: word_priming_sp | BE41: 2025.1.1 | BF41: None | BG41: 2025-11-10 14h06.22.568231 +0530
B42: 20 | C42: 20 | D42: 0 | G42: sa_d_ _ c_ | H42: sandwich | I42: old | J42: sandwich | K42: [np.float64(0.014388489208633094)] | L42: [np.float64(-0.30755395683453235)] | M42: [1] | N42: [0] | O42: [0] | P42: [7.882165333023295] | Q42: ['submit_text'] | V42: 0 | W42: 20 | X42: 20 | Y42: 2 | Z42: 168.42616 | AH42: 168.41834 | AI42: 168.42616 | AJ42: 168.42616 | AK42: 168.42616 | AL42: 0.0018927499 | AM42: 176.30069 | AN42: sandwich | AO42: [np.float64(0.014388489208633094)] | AP42: [np.float64(-0.30755395683453235)] | AQ42: [1] | AR42: [0] | AS42: [0] | AT42: [7.882165333023295] | AU42: ['submit_text'] | AZ42: 3 | BA42: 1 | BB42: 2025-11-10_14h05.16.359 | BC42: word_priming_sp | BE42: 2025.1.1 | BF42: None | BG42: 2025-11-10 14h06.22.568231 +0530
B43: 21 | C43: 21 | D43: 0 | G43: i_si_i_ | H43: insipid | I43: old | J43: insipid | K43: [np.float64(0.013489208633093525)] | L43: [np.float64(-0.302158273381295)] | M43: [1] | N43: [0] | O43: [0] | P43: [3.4822619159240276] | Q43: ['submit_text'] | V43: 0 | W43: 21 | X43: 21 | Y43: 15 | Z43: 176.31115 | AH43: 176.30245 | AI43: 176.31115 | AJ43: 176.31115 | AK43: 176.31115 | AL43: 0.0016754169 | AM43: 179.78494 | AN43: insipid | AO43: [np.float64(0.013489208633093525)] | AP43: [np.float64(-0.302158273381295)] | AQ43: [1] | AR43: [0] | AS43: [0] | AT43: [3.4822619159240276] | AU43: ['submit_text'] | AZ43: 3 | BA43: 1 | BB43: 2025-11-10_14h05.16.359 | BC43: word_priming_sp | BE43: 2025.1.1 | BF43: None | BG43: 2025-11-10 14h06.22.568231 +0530
B44: 22 | C44: 22 | D44: 0 | G44: la_g_ _e_ | H44: laughter | I44: old | J44: language | K44: [np.float64(0.013489208633093525)] | L44: [np.float64(-0.302158273381295)] | M44: [1] | N44: [0] | O44: [0] | P44: [2.329630999825895] | Q44: ['submit_text'] | V44: 0 | W44: 22 | X44: 22 | Y44: 6 | Z44: 179.79575 | AH44: 179.78745 | AI44: 179.79575 | AJ44: 179.79575 | AK44: 179.79575 | AL44: 0.0023959999 | AM44: 182.11732 | AN44: language | AO44: [np.float64(0.013489208633093525)] | AP44: [np.float64(-0.302158273381295)] | AQ44: [1] | AR44: [0] | AS44: [0] | AT44: [2.329630999825895] | AU44: ['submit_text'] | AZ44: 3 | BA44: 1 | BB44: 2025-11-10_14h05.16.359 | BC44: word_priming_sp | BE44: 2025.1.1 | BF44: None | BG44: 2025-11-10 14h06.22.568231 +0530
B45: 23 | C45: 23 | D45: 0 | G45: _e_or_ | H45: memory | I45: old | K45: [] | L45: [] | M45: [] | N45: [] | O45: [] | P45: [] | Q45: [] | V45: 0 | W45: 23 | X45: 23 | Y45: 3 | Z45: 182.12815 | AH45: 182.11936 | AI45: 182.12815 | AJ45: 182.12815 | AK45: 182.12815 | AL45: 0.0019502921 | AM45: 192.11489 | AO45: [] | AP45: [] | AQ45: [] | AR45: [] | AS45: [] | AT45: [] | AU45: [] | AV45: 192.12412 | AW45: 192.12412 | AX45: 192.12412 | AY45: 9.9972871 | AZ45: 3 | BA45: 1 | BB45: 2025-11-10_14h05.16.359 | BC45: word_priming_sp | BE45: 2025.1.1 | BF45: None | BG45: 2025-11-10 14h06.22.568231 +0530
B46: 24 | C46: 24 | D46: 0 | G46: p_ _e | H46: page | I46: new | J46: pile | K46: [np.float64(0.013489208633093525)] | L46: [np.float64(-0.302158273381295)] | M46: [1] | N46: [0] | O46: [0] | P46: [6.116829083999619] | Q46: ['submit_text'] | V46: 0 | W46: 24 | X46: 24 | Y46: 21 | Z46: 192.12412 | AH46: 192.11673 | AI46: 192.12412 | AJ46: 192.12412 | AK46: 192.12412 | AL46: -0.00068275002 | AM46: 198.23377 | AN46: pile | AO46: [np.float64(0.013489208633093525)] | AP46: [np.float64(-0.302158273381295)] | AQ46: [1] | AR46: [0] | AS46: [0] | AT46: [6.116829083999619] | AU46: ['submit_text'] | AZ46: 3 | BA46: 1 | BB46: 2025-11-10_14h05.16.359 | BC46: word_priming_sp | BE46: 2025.1.1 | BF46: None | BG46: 2025-11-10 14h06.22.568231 +0530
K48: prop hit from study list | L48: 10 by 14 | M48: =10/14 -> 0.71428571
K49: prop hit from non primed words | L49: 1 by 2 | M49: =1/2 -> 0.5
K51: priming score before | M51: =M48-M49 -> 0.21428571

Sheet 3.1
A1: study_word | B1: thisN | C1: thisTrialN | D1: thisRepN | E1: StudySlider.response | F1: StudySlider.rt | G1: test_word | H1: Reference | I1: old_new | J1: test_textbox.text | K1: testmouse.x | L1: testmouse.y | M1: testmouse.leftButton | N1: testmouse.midButton | O1: testmouse.rightButton | P1: testmouse.time | Q1: testmouse.clicked_name | R1: trials.thisRepN | S1: trials.thisTrialN | T1: trials.thisN | U1: trials.thisIndex | V1: trials_2.thisRepN | W1: trials_2.thisTrialN | X1: trials_2.thisN | Y1: trials_2.thisIndex | Z1: thisRow.t | AA1: notes | AB1: trial.started | AC1: StudyText.started | AD1: StudySlider.started | AE1: trial.stopped | AF1: trials.StudySlider.response | AG1: trials.StudySlider.rt | AH1: Test_Phase.started | AI1: TestText.started | AJ1: test_textbox.started | AK1: submit_text.started | AL1: testmouse.started | AM1: Test_Phase.stopped | AN1: trials_2.test_textbox.text | AO1: trials_2.testmouse.x | AP1: trials_2.testmouse.y | AQ1: trials_2.testmouse.leftButton | AR1: trials_2.testmouse.midButton | AS1: trials_2.testmouse.rightButton | AT1: trials_2.testmouse.time | AU1: trials_2.testmouse.clicked_name | AV1: TestText.stopped | AW1: test_textbox.stopped | AX1: submit_text.stopped | AY1: testmouse.stopped | AZ1: participant | BA1: session | BB1: date | BC1: expName | BD1: expVersion | BE1: psychopyVersion | BF1: frameRate | BG1: expStart
A2: booth | B2: 0 | C2: 0 | D2: 0 | E2: 1.0143885 | F2: 3.712788 | R2: 0 | S2: 0 | T2: 0 | U2: 5 | Z2: 0.028071708 | AB2: 0.01276325 | AC2: 0.028071708 | AD2: 0.028071708 | AE2: 3.7345243 | AF2: 1.0143885 | AG2: 3.712788 | AZ2: 3.1 | BA2: 1 | BB2: 2025-11-10_14h25.04.197 | BC2: word_priming_sp | BE2: 2025.1.1 | BF2: None | BG2: 2025-11-10 14h25.26.314605 +0530
A3: parsimony | B3: 1 | C3: 1 | D3: 0 | E3: 1.0143885 | F3: 1.1201615 | R3: 0 | S3: 1 | T3: 1 | U3: 18 | Z3: 3.7453003 | AB3: 3.7386868 | AC3: 3.7453003 | AD3: 3.7453003 | AE3: 4.8678837 | AF3: 1.0143885 | AG3: 1.1201615 | AZ3: 3.1 | BA3: 1 | BB3: 2025-11-10_14h25.04.197 | BC3: word_priming_sp | BE3: 2025.1.1 | BF3: None | BG3: 2025-11-10 14h25.26.314605 +0530
A4: sandwich | B4: 2 | C4: 2 | D4: 0 | E4: 1.0143885 | F4: 0.73782967 | R4: 0 | S4: 2 | T4: 2 | U4: 2 | Z4: 4.8776038 | AB4: 4.8709314 | AC4: 4.8776038 | AD4: 4.8776038 | AE4: 5.6178029 | AF4: 1.0143885 | AG4: 0.73782967 | AZ4: 3.1 | BA4: 1 | BB4: 2025-11-10_14h25.04.197 | BC4: word_priming_sp | BE4: 2025.1.1 | BF4: None | BG4: 2025-11-10 14h25.26.314605 +0530
A5: carpet | B5: 3 | C5: 3 | D5: 0 | E5: 1.0143885 | F5: 0.72185488 | R5: 0 | S5: 3 | T5: 3 | U5: 1 | Z5: 5.627075 | AB5: 5.620346 | AC5: 5.627075 | AD5: 5.627075 | AE5: 6.3511966 | AF5: 1.0143885 | AG5: 0.72185488 | AZ5: 3.1 | BA5: 1 | BB5: 2025-11-10_14h25.04.197 | BC5: word_priming_sp | BE5: 2025.1.1 | BF5: None | BG5: 2025-11-10 14h25.26.314605 +0530
A6: alluvium | B6: 4 | C6: 4 | D6: 0 | E6: 1.9640288 | F6: 2.0049813 | R6: 0 | S6: 4 | T6: 4 | U6: 13 | Z6: 6.3602585 | AB6: 6.3535604 | AC6: 6.3602585 | AD6: 6.3602585 | AE6: 8.367829 | AF6: 1.9640288 | AG6: 2.0049813 | AZ6: 3.1 | BA6: 1 | BB6: 2025-11-10_14h25.04.197 | BC6: word_priming_sp | BE6: 2025.1.1 | BF6: None | BG6: 2025-11-10 14h25.26.314605 +0530
A7: vicarious | B7: 5 | C7: 5 | D7: 0 | E7: 1.9640288 | F7: 1.4890128 | R7: 0 | S7: 5 | T7: 5 | U7: 19 | Z7: 8.3761842 | AB7: 8.3697445 | AC7: 8.3761842 | AD7: 8.3761842 | AE7: 9.8678559 | AF7: 1.9640288 | AG7: 1.4890128 | AZ7: 3.1 | BA7: 1 | BB7: 2025-11-10_14h25.04.197 | BC7: word_priming_sp | BE7: 2025.1.1 | BF7: None | BG7: 2025-11-10 14h25.26.314605 +0530
A8: minimum | B8: 6 | C8: 6 | D8: 0 | E8: 1 | F8: 1.5557146 | R8: 0 | S8: 6 | T8: 6 | U8: 8 | Z8: 9.8764472 | AB8: 9.8698026 | AC8: 9.8764472 | AD8: 9.8764472 | AE8: 11.434515 | AF8: 1 | AG8: 1.5557146 | AZ8: 3.1 | BA8: 1 | BB8: 2025-11-10_14h25.04.197 | BC8: word_priming_sp | BE8: 2025.1.1 | BF8: None | BG8: 2025-11-10 14h25.26.314605 +0530
A9: esoteric | B9: 7 | C9: 7 | D9: 0 | E9: 3.0107914 | F9: 1.7888105 | R9: 0 | S9: 7 | T9: 7 | U9: 17 | Z9: 11.442936 | AB9: 11.436379 | AC9: 11.442936 | AD9: 11.442936 | AE9: 13.234511 | AF9: 3.0107914 | AG9: 1.7888105 | AZ9: 3.1 | BA9: 1 | BB9: 2025-11-10_14h25.04.197 | BC9: word_priming_sp | BE9: 2025.1.1 | BF9: None | BG9: 2025-11-10 14h25.26.314605 +0530
A10: memory | B10: 8 | C10: 8 | D10: 0 | E10: 1.942446 | F10: 1.5057594 | R10: 0 | S10: 8 | T10: 8 | U10: 3 | Z10: 13.242625 | AB10: 13.236179 | AC10: 13.242625 | AD10: 13.242625 | AE10: 14.751261 | AF10: 1.942446 | AG10: 1.5057594 | AZ10: 3.1 | BA10: 1 | BB10: 2025-11-10_14h25.04.197 | BC10: word_priming_sp | BE10: 2025.1.1 | BF10: None | BG10: 2025-11-10 14h25.26.314605 +0530
A11: cacophony | B11: 9 | C11: 9 | D11: 0 | E11: 3.0071942 | F11: 1.6224509 | R11: 0 | S11: 9 | T11: 9 | U11: 16 | Z11: 14.759469 | AB11: 14.753029 | AC11: 14.759469 | AD11: 14.759469 | AE11: 16.384435 | AF11: 3.0071942 | AG11: 1.6224509 | AZ11: 3.1 | BA11: 1 | BB11: 2025-11-10_14h25.04.197 | BC11: word_priming_sp | BE11: 2025.1.1 | BF11: None | BG11: 2025-11-10 14h25.26.314605 +0530
A12: cruise | B12: 10 | C12: 10 | D12: 0 | E12: 1.9640288 | F12: 2.5058168 | R12: 0 | S12: 10 | T12: 10 | U12: 9 | Z12: 16.392784 | AB12: 16.386244 | AC12: 16.392784 | AD12: 16.392784 | AE12: 18.901186 | AF12: 1.9640288 | AG12: 2.5058168 | AZ12: 3.1 | BA12: 1 | BB12: 2025-11-10_14h25.04.197 | BC12: word_priming_sp | BE12: 2025.1.1 | BF12: None | BG12: 2025-11-10 14h25.26.314605 +0530
A13: parlance | B13: 11 | C13: 11 | D13: 0 | E13: 2.8705036 | F13: 2.8553609 | R13: 0 | S13: 11 | T13: 11 | U13: 11 | Z13: 18.909613 | AB13: 18.903124 | AC13: 18.909613 | AD13: 18.909613 | AE13: 21.767795 | AF13: 2.8705036 | AG13: 2.8553609 | AZ13: 3.1 | BA13: 1 | BB13: 2025-11-10_14h25.04.197 | BC13: word_priming_sp | BE13: 2025.1.1 | BF13: None | BG13: 2025-11-10 14h25.26.314605 +0530
... A21: quill | B21: 19 | C21: 19 | D21: 0 | E21: 2.5719424 | F21: 2.2554809 | R21: 0 | S21: 19 | T21: 19 | U21: 10 | Z21: 31.42669 | AB21: 31.420074 | AC21: 31.42669 | AD21: 31.42669 | AE21: 33.684506 | AF21: 2.5719424 | AG21: 2.2554809 | AZ21: 3.1 | BA21: 1 | BB21: 2025-11-10_14h25.04.197 | BC21: word_priming_sp | BE21: 2025.1.1 | BF21: None | BG21: 2025-11-10 14h25.26.314605 +0530
B22: 0 | C22: 0 | D22: 0 | G22: _os_ | H22: hose | I22: old | J22: loss | K22: [np.float64(0.03866906474820144), np.float64(0.025179856115107913)] | L22: [np.float64(-0.34802158273381295), np.float64(-0.3057553956834532)] | M22: [1, 1] | N22: [0, 0] | O22: [0, 0] | P22: [6.150331542128697, 6.916416875086725] | Q22: [None, 'submit_text'] | V22: 0 | W22: 0 | X22: 0 | Y22: 4 | Z22: 33.70152 | AH22: 33.693176 | AI22: 33.70152 | AJ22: 33.70152 | AK22: 33.70152 | AL22: 0.008671334 | AM22: 40.609738 | AN22: loss | AO22: [np.float64(0.03866906474820144), np.float64(0.025179856115107913)] | AP22: [np.float64(-0.34802158273381295), np.float64(-0.3057553956834532)] | AQ22: [1, 1] | AR22: [0, 0] | AS22: [0, 0] | AT22: [6.150331542128697, 6.916416875086725] | AU22: [None, 'submit_text'] | AZ22: 3.1 | BA22: 1 | BB22: 2025-11-10_14h25.04.197 | BC22: word_priming_sp | BE22: 2025.1.1 | BF22: None | BG22: 2025-11-10 14h25.26.314605 +0530
B23: 1 | C23: 1 | D23: 0 | G23: o_sc_r_ | H23: obscure | I23: new | K23: [] | L23: [] | M23: [] | N23: [] | O23: [] | P23: [] | Q23: [] | V23: 0 | W23: 1 | X23: 1 | Y23: 24 | Z23: 40.621253 | AH23: 40.611858 | AI23: 40.621253 | AJ23: 40.621253 | AK23: 40.621253 | AL23: 0.001957125 | AM23: 50.607497 | AO23: [] | AP23: [] | AQ23: [] | AR23: [] | AS23: [] | AT23: [] | AU23: [] | AV23: 50.616762 | AW23: 50.616762 | AX23: 50.616762 | AY23: 9.9974586 | AZ23: 3.1 | BA23: 1 | BB23: 2025-11-10_14h25.04.197 | BC23: word_priming_sp | BE23: 2025.1.1 | BF23: None | BG23: 2025-11-10 14h25.26.314605 +0530
B24: 2 | C24: 2 | D24: 0 | G24: c_ _hi_n | H24: cushion | I24: new | K24: [np.float64(0.006294964028776978)] | L24: [np.float64(-0.29856115107913667)] | M24: [1] | N24: [0] | O24: [0] | P24: [9.865644416073337] | Q24: ['submit_text'] | V24: 0 | W24: 2 | X24: 2 | Y24: 20 | Z24: 50.616762 | AH24: 50.609441 | AI24: 50.616762 | AJ24: 50.616762 | AK24: 50.616762 | AL24: -0.00046520797 | AM24: 60.475226 | AO24: [np.float64(0.006294964028776978)] | AP24: [np.float64(-0.29856115107913667)] | AQ24: [1] | AR24: [0] | AS24: [0] | AT24: [9.865644416073337] | AU24: ['submit_text'] | AZ24: 3.1 | BA24: 1 | BB24: 2025-11-10_14h25.04.197 | BC24: word_priming_sp | BE24: 2025.1.1 | BF24: None | BG24: 2025-11-10 14h25.26.314605 +0530
B25: 3 | C25: 3 | D25: 0 | G25: _in_ _u_ | H25: minimum | I25: old | J25: minimum | K25: [np.float64(0.007194244604316547)] | L25: [np.float64(-0.2814748201438849)] | M25: [1] | N25: [0] | O25: [0] | P25: [8.218431666959077] | Q25: ['submit_text'] | V25: 0 | W25: 3 | X25: 3 | Y25: 8 | Z25: 60.484354 | AH25: 60.476968 | AI25: 60.484354 | AJ25: 60.484354 | AK25: 60.484354 | AL25: 0.001650417 | AM25: 68.695576 | AN25: minimum | AO25: [np.float64(0.007194244604316547)] | AP25: [np.float64(-0.2814748201438849)] | AQ25: [1] | AR25: [0] | AS25: [0] | AT25: [8.218431666959077] | AU25: ['submit_text'] | AZ25: 3.1 | BA25: 1 | BB25: 2025-11-10_14h25.04.197 | BC25: word_priming_sp | BE25: 2025.1.1 | BF25: None | BG25: 2025-11-10 14h25.26.314605 +0530
B26: 4 | C26: 4 | D26: 0 | G26: c_m_r_ | H26: camera | I26: new | J26: camera | K26: [np.float64(0.0)] | L26: [np.float64(-0.3129496402877698)] | M26: [1] | N26: [0] | O26: [0] | P26: [2.9283840828575194] | Q26: ['submit_text'] | V26: 0 | W26: 4 | X26: 4 | Y26: 23 | Z26: 68.70608 | AH26: 68.697504 | AI26: 68.70608 | AJ26: 68.70608 | AK26: 68.70608 | AL26: 0.0018902919 | AM26: 71.626141 | AN26: camera | AO26: [np.float64(0.0)] | AP26: [np.float64(-0.3129496402877698)] | AQ26: [1] | AR26: [0] | AS26: [0] | AT26: [2.9283840828575194] | AU26: ['submit_text'] | AZ26: 3.1 | BA26: 1 | BB26: 2025-11-10_14h25.04.197 | BC26: word_priming_sp | BE26: 2025.1.1 | BF26: None | BG26: 2025-11-10 14h25.26.314605 +0530
B27: 5 | C27: 5 | D27: 0 | G27: b_gu_l_ | H27: beguile | I27: old | J27: beguile | K27: [np.float64(-0.01079136690647482)] | L27: [np.float64(-0.30845323741007197)] | M27: [1] | N27: [0] | O27: [0] | P27: [2.714222083101049] | Q27: ['submit_text'] | V27: 0 | W27: 5 | X27: 5 | Y27: 14 | Z27: 71.637883 | AH27: 71.628156 | AI27: 71.637883 | AJ27: 71.637883 | AK27: 71.637883 | AL27: 0.0019180421 | AM27: 74.342562 | AN27: beguile | AO27: [np.float64(-0.01079136690647482)] | AP27: [np.float64(-0.30845323741007197)] | AQ27: [1] | AR27: [0] | AS27: [0] | AT27: [2.714222083101049] | AU27: ['submit_text'] | AZ27: 3.1 | BA27: 1 | BB27: 2025-11-10_14h25.04.197 | BC27: word_priming_sp | BE27: 2025.1.1 | BF27: None | BG27: 2025-11-10 14h25.26.314605 +0530
B28: 6 | C28: 6 | D28: 0 | G28: a_da_i_ _s | H28: audacious | I28: old | J28: audacious | K28: [np.float64(0.002697841726618705)] | L28: [np.float64(-0.302158273381295)] | M28: [1] | N28: [0] | O28: [0] | P28: [2.581399084068835] | Q28: ['submit_text'] | V28: 0 | W28: 6 | X28: 6 | Y28: 12 | Z28: 74.354311 | AH28: 74.344809 | AI28: 74.354311 | AJ28: 74.354311 | AK28: 74.354311 | AL28: 0.0021539589 | AM28: 76.92639 | AN28: audacious | AO28: [np.float64(0.002697841726618705)] | AP28: [np.float64(-0.302158273381295)] | AQ28: [1] | AR28: [0] | AS28: [0] | AT28: [2.581399084068835] | AU28: ['submit_text'] | AZ28: 3.1 | BA28: 1 | BB28: 2025-11-10_14h25.04.197 | BC28: word_priming_sp | BE28: 2025.1.1 | BF28: None | BG28: 2025-11-10 14h25.26.314605 +0530
B29: 7 | C29: 7 | D29: 0 | G29: la_g_ _e_ | H29: laughter | I29: old | J29: language | K29: [np.float64(0.047661870503597124)] | L29: [np.float64(-0.28327338129496404)] | M29: [1] | N29: [0] | O29: [0] | P29: [3.1642790830228478] | Q29: ['submit_text'] | V29: 0 | W29: 7 | X29: 7 | Y29: 6 | Z29: 76.938019 | AH29: 76.928779 | AI29: 76.938019 | AJ29: 76.938019 | AK29: 76.938019 | AL29: 0.002298583 | AM29: 80.093257 | AN29: language | AO29: [np.float64(0.047661870503597124)] | AP29: [np.float64(-0.28327338129496404)] | AQ29: [1] | AR29: [0] | AS29: [0] | AT29: [3.1642790830228478] | AU29: ['submit_text'] | AZ29: 3.1 | BA29: 1 | BB29: 2025-11-10_14h25.04.197 | BC29: word_priming_sp | BE29: 2025.1.1 | BF29: None | BG29: 2025-11-10 14h25.26.314605 +0530
B30: 8 | C30: 8 | D30: 0 | G30: _ a_pe_ | H30: carpet | I30: old | K30: [] | L30: [] | M30: [] | N30: [] | O30: [] | P30: [] | Q30: [] | V30: 0 | W30: 8 | X30: 8 | Y30: 1 | Z30: 80.104666 | AH30: 80.095457 | AI30: 80.104666 | AJ30: 80.104666 | AK30: 80.104666 | AL30: 0.002110708 | AM30: 90.090939 | AO30: [] | AP30: [] | AQ30: [] | AR30: [] | AS30: [] | AT30: [] | AU30: [] | AV30: 90.117718 | AW30: 90.117718 | AX30: 90.117718 | AY30: 9.9974267 | AZ30: 3.1 | BA30: 1 | BB30: 2025-11-10_14h25.04.197 | BC30: word_priming_sp | BE30: 2025.1.1 | BF30: None | BG30: 2025-11-10 14h25.26.314605 +0530
B31: 9 | C31: 9 | D31: 0 | G31: ca_o_h_ _y | H31: cacophony | I31: old | J31: cacophany | K31: [np.float64(0.052158273381294966)] | L31: [np.float64(-0.3102517985611511)] | M31: [1] | N31: [0] | O31: [0] | P31: [3.9500160000752658] | Q31: ['submit_text'] | V31: 0 | W31: 9 | X31: 9 | Y31: 16 | Z31: 90.117718 | AH31: 90.093091 | AI31: 90.117718 | AJ31: 90.117718 | AK31: 90.117718 | AL31: -0.00025875005 | AM31: 94.043309 | AN31: cacophany | AO31: [np.float64(0.052158273381294966)] | AP31: [np.float64(-0.3102517985611511)] | AQ31: [1] | AR31: [0] | AS31: [0] | AT31: [3.9500160000752658] | AU31: ['submit_text'] | AZ31: 3.1 | BA31: 1 | BB31: 2025-11-10_14h25.04.197 | BC31: word_priming_sp | BE31: 2025.1.1 | BF31: None | BG31: 2025-11-10 14h25.26.314605 +0530
B32: 10 | C32: 10 | D32: 0 | G32: _ru_s_ | H32: cruise | I32: old | J32: cruise | K32: [np.float64(0.045863309352517985)] | L32: [np.float64(-0.3120503597122302)] | M32: [1] | N32: [0] | O32: [0] | P32: [4.696741833118722] | Q32: ['submit_text'] | V32: 0 | W32: 10 | X32: 10 | Y32: 9 | Z32: 94.054447 | AH32: 94.045713 | AI32: 94.054447 | AJ32: 94.054447 | AK32: 94.054447 | AL32: 0.002293 | AM32: 98.742666 | AN32: cruise | AO32: [np.float64(0.045863309352517985)] | AP32: [np.float64(-0.3120503597122302)] | AQ32: [1] | AR32: [0] | AS32: [0] | AT32: [4.696741833118722] | AU32: ['submit_text'] | AZ32: 3.1 | BA32: 1 | BB32: 2025-11-10_14h25.04.197 | BC32: word_priming_sp | BE32: 2025.1.1 | BF32: None | BG32: 2025-11-10 14h25.26.314605 +0530
B33: 11 | C33: 11 | D33: 0 | G33: _oo_h | H33: booth | I33: old | J33: booth | K33: [np.float64(0.04946043165467626)] | L33: [np.float64(-0.3120503597122302)] | M33: [1] | N33: [0] | O33: [0] | P33: [2.097997291944921] | Q33: ['submit_text'] | V33: 0 | W33: 11 | X33: 11 | Y33: 5 | Z33: 98.753895 | AH33: 98.744745 | AI33: 98.753895 | AJ33: 98.753895 | AK33: 98.753895 | AL33: 0.0019839581 | AM33: 100.84293 | AN33: booth | AO33: [np.float64(0.04946043165467626)] | AP33: [np.float64(-0.3120503597122302)] | AQ33: [1] | AR33: [0] | AS33: [0] | AT33: [2.097997291944921] | AU33: ['submit_text'] | AZ33: 3.1 | BA33: 1 | BB33: 2025-11-10_14h25.04.197 | BC33: word_priming_sp | BE33: 2025.1.1 | BF33: None | BG33: 2025-11-10 14h25.26.314605 +0530
B34: 12 | C34: 12 | D34: 0 | G34: b_o_ | H34: book | I34: old | J34: book | K34: [np.float64(0.044964028776978415)] | L34: [np.float64(-0.30035971223021585)] | M34: [1] | N34: [0] | O34: [0] | P34: [1.8644032499287277] | Q34: ['submit_text'] | V34: 0 | W34: 12 | X34: 12 | Y34: 0 | Z34: 100.85323 | AH34: 100.84453 | AI34: 100.85323 | AJ34: 100.85323 | AK34: 100.85323 | AL34: 0.001523833 | AM34: 102.70913 | AN34: book | AO34: [np.float64(0.044964028776978415)] | AP34: [np.float64(-0.30035971223021585)] | AQ34: [1] | AR34: [0] | AS34: [0] | AT34: [1.8644032499287277] | AU34: ['submit_text'] | AZ34: 3.1 | BA34: 1 | BB34: 2025-11-10_14h25.04.197 | BC34: word_priming_sp | BE34: 2025.1.1 | BF34: None | BG34: 2025-11-10 14h25.26.314605 +0530
B35: 13 | C35: 13 | D35: 0 | G35: _en_il | H35: pencil | I35: new | J35: pencil | K35: [np.float64(0.040467625899280574)] | L35: [np.float64(-0.2949640287769784)] | M35: [1] | N35: [0] | O35: [0] | P35: [6.748190499842167] | Q35: ['submit_text'] | V35: 0 | W35: 13 | X35: 13 | Y35: 22 | Z35: 102.72011 | AH35: 102.71101 | AI35: 102.72011 | AJ35: 102.72011 | AK35: 102.72011 | AL35: 0.001788083 | AM35: 109.45939 | AN35: pencil | AO35: [np.float64(0.040467625899280574)] | AP35: [np.float64(-0.2949640287769784)] | AQ35: [1] | AR35: [0] | AS35: [0] | AT35: [6.748190499842167] | AU35: ['submit_text'] | AZ35: 3.1 | BA35: 1 | BB35: 2025-11-10_14h25.04.197 | BC35: word_priming_sp | BE35: 2025.1.1 | BF35: None | BG35: 2025-11-10 14h25.26.314605 +0530
B36: 14 | C36: 14 | D36: 0 | G36: sa_d_ _ c_ | H36: sandwich | I36: old | J36: sandwich | K36: [np.float64(0.040467625899280574)] | L36: [np.float64(-0.31564748201438847)] | M36: [1] | N36: [0] | O36: [0] | P36: [9.264007749967277] | Q36: ['submit_text'] | V36: 0 | W36: 14 | X36: 14 | Y36: 2 | Z36: 109.47118 | AH36: 109.46168 | AI36: 109.47118 | AJ36: 109.47118 | AK36: 109.47118 | AL36: 0.0022000421 | AM36: 118.72589 | AN36: sandwich | AO36: [np.float64(0.040467625899280574)] | AP36: [np.float64(-0.31564748201438847)] | AQ36: [1] | AR36: [0] | AS36: [0] | AT36: [9.264007749967277] | AU36: ['submit_text'] | AZ36: 3.1 | BA36: 1 | BB36: 2025-11-10_14h25.04.197 | BC36: word_priming_sp | BE36: 2025.1.1 | BF36: None | BG36: 2025-11-10 14h25.26.314605 +0530
B37: 15 | C37: 15 | D37: 0 | G37: e_o_ _r_c | H37: esoteric | I37: old | J37: esoteric | K37: [np.float64(0.040467625899280574)] | L37: [np.float64(-0.31564748201438847)] | M37: [1] | N37: [0] | O37: [0] | P37: [2.5811028331518173] | Q37: ['submit_text'] | V37: 0 | W37: 15 | X37: 15 | Y37: 17 | Z37: 118.73745 | AH37: 118.72839 | AI37: 118.73745 | AJ37: 118.73745 | AK37: 118.73745 | AL37: 0.0023984581 | AM37: 121.30971 | AN37: esoteric | AO37: [np.float64(0.040467625899280574)] | AP37: [np.float64(-0.31564748201438847)] | AQ37: [1] | AR37: [0] | AS37: [0] | AT37: [2.5811028331518173] | AU37: ['submit_text'] | AZ37: 3.1 | BA37: 1 | BB37: 2025-11-10_14h25.04.197 | BC37: word_priming_sp | BE37: 2025.1.1 | BF37: None | BG37: 2025-11-10 14h25.26.314605 +0530
B38: 16 | C38: 16 | D38: 0 | G38: _l_u_ia_ | H38: alluvium | I38: old | J38: alluvial | K38: [np.float64(0.03776978417266187)] | L38: [np.float64(-0.30845323741007197)] | M38: [1] | N38: [0] | O38: [0] | P38: [7.330471666995436] | Q38: ['submit_text'] | V38: 0 | W38: 16 | X38: 16 | Y38: 13 | Z38: 121.3209 | AH38: 121.31182 | AI38: 121.3209 | AJ38: 121.3209 | AK38: 121.3209 | AL38: 0.002011125 | AM38: 128.64253 | AN38: alluvial | AO38: [np.float64(0.03776978417266187)] | AP38: [np.float64(-0.30845323741007197)] | AQ38: [1] | AR38: [0] | AS38: [0] | AT38: [7.330471666995436] | AU38: ['submit_text'] | AZ38: 3.1 | BA38: 1 | BB38: 2025-11-10_14h25.04.197 | BC38: word_priming_sp | BE38: 2025.1.1 | BF38: None | BG38: 2025-11-10 14h25.26.314605 +0530
B39: 17 | C39: 17 | D39: 0 | G39: pa_s_m_ _y | H39: parsimony | I39: old | J39: parsimony | K39: [np.float64(0.08453237410071943)] | L39: [np.float64(-0.3192446043165468)] | M39: [1] | N39: [0] | O39: [0] | P39: [4.547834292054176] | Q39: ['submit_text'] | V39: 0 | W39: 17 | X39: 17 | Y39: 18 | Z39: 128.65432 | AH39: 128.64486 | AI39: 128.65432 | AJ39: 128.65432 | AK39: 128.65432 | AL39: 0.0022278749 | AM39: 133.19292 | AN39: parsimony | AO39: [np.float64(0.08453237410071943)] | AP39: [np.float64(-0.3192446043165468)] | AQ39: [1] | AR39: [0] | AS39: [0] | AT39: [4.547834292054176] | AU39: ['submit_text'] | AZ39: 3.1 | BA39: 1 | BB39: 2025-11-10_14h25.04.197 | BC39: word_priming_sp | BE39: 2025.1.1 | BF39: None | BG39: 2025-11-10 14h25.26.314605 +0530
B40: 18 | C40: 18 | D40: 0 | G40: p_ _e | H40: page | I40: new | J40: pipe | K40: [np.float64(0.09082733812949641), np.float64(0.08363309352517985)] | L40: [np.float64(-0.3471223021582734), np.float64(-0.31564748201438847)] | M40: [1, 1] | N40: [0, 0] | O40: [0, 0] | P40: [5.330763790989295, 5.930796000175178] | Q40: [None, 'submit_text'] | V40: 0 | W40: 18 | X40: 18 | Y40: 21 | Z40: 133.2043 | AH40: 133.19486 | AI40: 133.2043 | AJ40: 133.2043 | AK40: 133.2043 | AL40: 0.001851042 | AM40: 139.12587 | AN40: pipe | AO40: [np.float64(0.09082733812949641), np.float64(0.08363309352517985)] | AP40: [np.float64(-0.3471223021582734), np.float64(-0.31564748201438847)] | AQ40: [1, 1] | AR40: [0, 0] | AS40: [0, 0] | AT40: [5.330763790989295, 5.930796000175178] | AU40: [None, 'submit_text'] | AZ40: 3.1 | BA40: 1 | BB40: 2025-11-10_14h25.04.197 | BC40: word_priming_sp | BE40: 2025.1.1 | BF40: None | BG40: 2025-11-10 14h25.26.314605 +0530
B41: 19 | C41: 19 | D41: 0 | G41: _ui_ _ | H41: quill | I41: old | J41: quill | K41: [np.float64(0.10701438848920863)] | L41: [np.float64(-0.31564748201438847)] | M41: [1] | N41: [0] | O41: [0] | P41: [3.6814866671338677] | Q41: ['submit_text'] | V41: 0 | W41: 19 | X41: 19 | Y41: 10 | Z41: 139.13752 | AH41: 139.12815 | AI41: 139.13752 | AJ41: 139.13752 | AK41: 139.13752 | AL41: 0.0021636249 | AM41: 142.80987 | AN41: quill | AO41: [np.float64(0.10701438848920863)] | AP41: [np.float64(-0.31564748201438847)] | AQ41: [1] | AR41: [0] | AS41: [0] | AT41: [3.6814866671338677] | AU41: ['submit_text'] | AZ41: 3.1 | BA41: 1 | BB41: 2025-11-10_14h25.04.197 | BC41: word_priming_sp | BE41: 2025.1.1 | BF41: None | BG41: 2025-11-10 14h25.26.314605 +0530
B42: 20 | C42: 20 | D42: 0 | G42: _a_l_nc_ | H42: parlance | I42: old | J42: parlance | K42: [np.float64(0.047661870503597124)] | L42: [np.float64(-0.2589928057553957)] | M42: [1] | N42: [0] | O42: [0] | P42: [9.646998582873493] | Q42: [None] | V42: 0 | W42: 20 | X42: 20 | Y42: 11 | Z42: 142.82126 | AH42: 142.8121 | AI42: 142.82126 | AJ42: 142.82126 | AK42: 142.82126 | AL42: 0.002135834 | AM42: 152.80769 | AN42: parlance | AO42: [np.float64(0.047661870503597124)] | AP42: [np.float64(-0.2589928057553957)] | AQ42: [1] | AR42: [0] | AS42: [0] | AT42: [9.646998582873493] | AU42: [None] | AV42: 152.81984 | AW42: 152.81984 | AX42: 152.81984 | AY42: 9.9974963 | AZ42: 3.1 | BA42: 1 | BB42: 2025-11-10_14h25.04.197 | BC42: word_priming_sp | BE42: 2025.1.1 | BF42: None | BG42: 2025-11-10 14h25.26.314605 +0530
B43: 21 | C43: 21 | D43: 0 | G43: i_si_i_ | H43: insipid | I43: old | K43: [np.float64(0.047661870503597124)] | L43: [np.float64(-0.2868705035971223)] | M43: [1] | N43: [0] | O43: [0] | P43: [0.09803204098716378] | Q43: ['submit_text'] | V43: 0 | W43: 21 | X43: 21 | Y43: 15 | Z43: 152.81984 | AH43: 152.80985 | AI43: 152.81984 | AJ43: 152.81984 | AK43: 152.81984 | AL43: -0.00011387491 | AM43: 152.90812 | AO43: [np.float64(0.047661870503597124)] | AP43: [np.float64(-0.2868705035971223)] | AQ43: [1] | AR43: [0] | AS43: [0] | AT43: [0.09803204098716378] | AU43: ['submit_text'] | AZ43: 3.1 | BA43: 1 | BB43: 2025-11-10_14h25.04.197 | BC43: word_priming_sp | BE43: 2025.1.1 | BF43: None | BG43: 2025-11-10 14h25.26.314605 +0530
B44: 22 | C44: 22 | D44: 0 | G44: _h_ls_ | H44: whilst | I44: old | K44: [] | L44: [] | M44: [] | N44: [] | O44: [] | P44: [] | Q44: [] | V44: 0 | W44: 22 | X44: 22 | Y44: 7 | Z44: 152.91692 | AH44: 152.90964 | AI44: 152.91692 | AJ44: 152.91692 | AK44: 152.91692 | AL44: 0.0014597911 | AM44: 162.90048 | AO44: [] | AP44: [] | AQ44: [] | AR44: [] | AS44: [] | AT44: [] | AU44: [] | AV44: 162.90939 | AW44: 162.90939 | AX44: 162.90939 | AY44: 9.9921125 | AZ44: 3.1 | BA44: 1 | BB44: 2025-11-10_14h25.04.197 | BC44: word_priming_sp | BE44: 2025.1.1 | BF44: None | BG44: 2025-11-10 14h25.26.314605 +0530
B45: 23 | C45: 23 | D45: 0 | G45: _e_or_ | H45: memory | I45: old | K45: [np.float64(0.06025179856115108)] | L45: [np.float64(-0.2949640287769784)] | M45: [1] | N45: [0] | O45: [0] | P45: [6.531619583023712] | Q45: ['submit_text'] | V45: 0 | W45: 23 | X45: 23 | Y45: 3 | Z45: 162.90939 | AH45: 162.90221 | AI45: 162.90939 | AJ45: 162.90939 | AK45: 162.90939 | AL45: 0.0012476661 | AM45: 169.44118 | AO45: [np.float64(0.06025179856115108)] | AP45: [np.float64(-0.2949640287769784)] | AQ45: [1] | AR45: [0] | AS45: [0] | AT45: [6.531619583023712] | AU45: ['submit_text'] | AZ45: 3.1 | BA45: 1 | BB45: 2025-11-10_14h25.04.197 | BC45: word_priming_sp | BE45: 2025.1.1 | BF45: None | BG45: 2025-11-10 14h25.26.314605 +0530
B46: 24 | C46: 24 | D46: 0 | G46: _i_a _io_s | H46: vicarious | I46: old | K46: [np.float64(0.07014388489208633)] | L46: [np.float64(-0.31564748201438847)] | M46: [1] | N46: [0] | O46: [0] | P46: [9.41496566706337] | Q46: ['submit_text'] | V46: 0 | W46: 24 | X46: 24 | Y46: 19 | Z46: 169.44996 | AH46: 169.44284 | AI46: 169.44996 | AJ46: 169.44996 | AK46: 169.44996 | AL46: 0.0015852919 | AM46: 178.858 | AO46: [np.float64(0.07014388489208633)] | AP46: [np.float64(-0.31564748201438847)] | AQ46: [1] | AR46: [0] | AS46: [0] | AT46: [9.41496566706337] | AU46: ['submit_text'] | AZ46: 3.1 | BA46: 1 | BB46: 2025-11-10_14h25.04.197 | BC46: word_priming_sp | BE46: 2025.1.1 | BF46: None | BG46: 2025-11-10 14h25.26.314605 +0530
K48: prop hit from study list | L48: 11 by 15 | M48: =11/15 -> 0.73333333
K49: prop hit from non primed words | L49: 2 by 3 | M49: =2/3 -> 0.66666667
K51: priming score after | M51: =M48-M49 -> 0.066666667
K53: difference | M53: =M51-'3'!M51 -> -0.14761905

Sheet 4
A1: study_word | B1: thisN | C1: thisTrialN | D1: thisRepN | E1: StudySlider.response | F1: StudySlider.rt | G1: test_word | H1: Reference | I1: old_new | J1: test_textbox.text | K1: testmouse.x | L1: testmouse.y | M1: testmouse.leftButton | N1: testmouse.midButton | O1: testmouse.rightButton | P1: testmouse.time | Q1: testmouse.clicked_name | R1: trials.thisRepN | S1: trials.thisTrialN | T1: trials.thisN | U1: trials.thisIndex | V1: trials_2.thisRepN | W1: trials_2.thisTrialN | X1: trials_2.thisN | Y1: trials_2.thisIndex | Z1: thisRow.t | AA1: notes | AB1: trial.started | AC1: StudyText.started | AD1: StudySlider.started | AE1: trial.stopped | AF1: trials.StudySlider.response | AG1: trials.StudySlider.rt | AH1: Test_Phase.started | AI1: TestText.started | AJ1: test_textbox.started | AK1: submit_text.started | AL1: testmouse.started | AM1: TestText.stopped | AN1: test_textbox.stopped | AO1: submit_text.stopped | AP1: testmouse.stopped | AQ1: Test_Phase.stopped | AR1: trials_2.test_textbox.text | AS1: trials_2.testmouse.x | AT1: trials_2.testmouse.y | AU1: trials_2.testmouse.leftButton | AV1: trials_2.testmouse.midButton | AW1: trials_2.testmouse.rightButton | AX1: trials_2.testmouse.time | AY1: trials_2.testmouse.clicked_name | AZ1: participant | BA1: session | BB1: date | BC1: expName | BD1: expVersion | BE1: psychopyVersion | BF1: frameRate | BG1: expStart
A2: sandwich | B2: 0 | C2: 0 | D2: 0 | E2: 1.0179856 | F2: 1.622164 | R2: 0 | S2: 0 | T2: 0 | U2: 2 | Z2: 0.027163375 | AB2: 0.015183542 | AC2: 0.027163375 | AD2: 0.027163375 | AE2: 1.6462822 | AF2: 1.0179856 | AG2: 1.622164 | AZ2: 4.1 | BA2: 1 | BB2: 2025-11-14_17h41.22.485 | BC2: word_priming_sp | BE2: 2025.1.1 | BF2: None | BG2: 2025-11-14 17h41.33.905159 +0530
A3: insipid | B3: 1 | C3: 1 | D3: 0 | E3: 4.0215827 | F3: 2.7879829 | R3: 0 | S3: 1 | T3: 1 | U3: 15 | Z3: 1.6556927 | AB3: 1.6488943 | AC3: 1.6556927 | AD3: 1.6556927 | AE3: 4.4461813 | AF3: 4.0215827 | AG3: 2.7879829 | AZ3: 4.1 | BA3: 1 | BB3: 2025-11-14_17h41.22.485 | BC3: word_priming_sp | BE3: 2025.1.1 | BF3: None | BG3: 2025-11-14 17h41.33.905159 +0530
A4: esoteric | B4: 2 | C4: 2 | D4: 0 | E4: 2.9640288 | F4: 1.7044999 | R4: 0 | S4: 2 | T4: 2 | U4: 17 | Z4: 4.4556359 | AB4: 4.4491068 | AC4: 4.4556359 | AD4: 4.4556359 | AE4: 6.1629072 | AF4: 2.9640288 | AG4: 1.7044999 | AZ4: 4.1 | BA4: 1 | BB4: 2025-11-14_17h41.22.485 | BC4: word_priming_sp | BE4: 2025.1.1 | BF4: None | BG4: 2025-11-14 17h41.33.905159 +0530
A5: carpet | B5: 3 | C5: 3 | D5: 0 | E5: 1.1258993 | F5: 1.2556222 | R5: 0 | S5: 3 | T5: 3 | U5: 1 | Z5: 6.1711417 | AB5: 6.1647016 | AC5: 6.1711417 | AD5: 6.1711417 | AE5: 7.4295211 | AF5: 1.1258993 | AG5: 1.2556222 | AZ5: 4.1 | BA5: 1 | BB5: 2025-11-14_17h41.22.485 | BC5: word_priming_sp | BE5: 2025.1.1 | BF5: None | BG5: 2025-11-14 17h41.33.905159 +0530
A6: quill | B6: 4 | C6: 4 | D6: 0 | E6: 1.1258993 | F6: 0.72220604 | R6: 0 | S6: 4 | T6: 4 | U6: 10 | Z6: 7.438352 | AB6: 7.4318583 | AC6: 7.438352 | AD6: 7.438352 | AE6: 8.162386 | AF6: 1.1258993 | AG6: 0.72220604 | AZ6: 4.1 | BA6: 1 | BB6: 2025-11-14_17h41.22.485 | BC6: word_priming_sp | BE6: 2025.1.1 | BF6: None | BG6: 2025-11-14 17h41.33.905159 +0530
A7: laughter | B7: 5 | C7: 5 | D7: 0 | E7: 1.1258993 | F7: 0.50577742 | R7: 0 | S7: 5 | T7: 5 | U7: 6 | Z7: 8.1712669 | AB7: 8.1648474 | AC7: 8.1712669 | AD7: 8.1712669 | AE7: 8.679593 | AF7: 1.1258993 | AG7: 0.50577742 | AZ7: 4.1 | BA7: 1 | BB7: 2025-11-14_17h41.22.485 | BC7: word_priming_sp | BE7: 2025.1.1 | BF7: None | BG7: 2025-11-14 17h41.33.905159 +0530
A8: parsimony | B8: 6 | C8: 6 | D8: 0 | E8: 5 | F8: 1.7048805 | R8: 0 | S8: 6 | T8: 6 | U8: 18 | Z8: 8.6889701 | AB8: 8.6822504 | AC8: 8.6889701 | AD8: 8.6889701 | AE8: 10.396072 | AF8: 5 | AG8: 1.7048805 | AZ8: 4.1 | BA8: 1 | BB8: 2025-11-14_17h41.22.485 | BC8: word_priming_sp | BE8: 2025.1.1 | BF8: None | BG8: 2025-11-14 17h41.33.905159 +0530
A9: book | B9: 7 | C9: 7 | D9: 0 | E9: 1.0971223 | F9: 1.1060013 | R9: 0 | S9: 7 | T9: 7 | U9: 0 | Z9: 10.404337 | AB9: 10.397799 | AC9: 10.404337 | AD9: 10.404337 | AE9: 11.512874 | AF9: 1.0971223 | AG9: 1.1060013 | AZ9: 4.1 | BA9: 1 | BB9: 2025-11-14_17h41.22.485 | BC9: word_priming_sp | BE9: 2025.1.1 | BF9: None | BG9: 2025-11-14 17h41.33.905159 +0530
A10: cruise | B10: 8 | C10: 8 | D10: 0 | E10: 1 | F10: 1.139015 | R10: 0 | S10: 8 | T10: 8 | U10: 9 | Z10: 11.521347 | AB10: 11.514729 | AC10: 11.521347 | AD10: 11.521347 | AE10: 12.662888 | AF10: 1 | AG10: 1.139015 | AZ10: 4.1 | BA10: 1 | BB10: 2025-11-14_17h41.22.485 | BC10: word_priming_sp | BE10: 2025.1.1 | BF10: None | BG10: 2025-11-14 17h41.33.905159 +0530
A11: hose | B11: 9 | C11: 9 | D11: 0 | E11: 1 | F11: 0.65525125 | R11: 0 | S11: 9 | T11: 9 | U11: 4 | Z11: 12.671239 | AB11: 12.664589 | AC11: 12.671239 | AD11: 12.671239 | AE11: 13.329379 | AF11: 1 | AG11: 0.65525125 | AZ11: 4.1 | BA11: 1 | BB11: 2025-11-14_17h41.22.485 | BC11: word_priming_sp | BE11: 2025.1.1 | BF11: None | BG11: 2025-11-14 17h41.33.905159 +0530
A12: whilst | B12: 10 | C12: 10 | D12: 0 | E12: 1 | F12: 0.65614525 | R12: 0 | S12: 10 | T12: 10 | U12: 7 | Z12: 13.337372 | AB12: 13.331015 | AC12: 13.337372 | AD12: 13.337372 | AE12: 13.996187 | AF12: 1 | AG12: 0.65614525 | AZ12: 4.1 | BA12: 1 | BB12: 2025-11-14_17h41.22.485 | BC12: word_priming_sp | BE12: 2025.1.1 | BF12: None | BG12: 2025-11-14 17h41.33.905159 +0530
A13: beguile | B13: 11 | C13: 11 | D13: 0 | E13: 5 | F13: 3.1392887 | R13: 0 | S13: 11 | T13: 11 | U13: 14 | Z13: 14.004677 | AB13: 13.997927 | AC13: 14.004677 | AD13: 14.004677 | AE13: 17.146048 | AF13: 5 | AG13: 3.1392887 | AZ13: 4.1 | BA13: 1 | BB13: 2025-11-14_17h41.22.485 | BC13: word_priming_sp | BE13: 2025.1.1 | BF13: None | BG13: 2025-11-14 17h41.33.905159 +0530
... A21: minimum | B21: 19 | C21: 19 | D21: 0 | E21: 1 | F21: 1.1884886 | R21: 0 | S21: 19 | T21: 19 | U21: 8 | Z21: 27.404195 | AB21: 27.397756 | AC21: 27.404195 | AD21: 27.404195 | AE21: 28.596112 | AF21: 1 | AG21: 1.1884886 | AZ21: 4.1 | BA21: 1 | BB21: 2025-11-14_17h41.22.485 | BC21: word_priming_sp | BE21: 2025.1.1 | BF21: None | BG21: 2025-11-14 17h41.33.905159 +0530
B22: 0 | C22: 0 | D22: 0 | G22: e_o_ _r_c | H22: esoteric | I22: old | J22: esoteric | K22: [np.float64(0.06744604316546762)] | L22: [np.float64(-0.08812949640287769)] | M22: [1] | N22: [0] | O22: [0] | P22: [9.669065916910768] | Q22: [None] | V22: 0 | W22: 0 | X22: 0 | Y22: 17 | Z22: 28.61084 | AH22: 28.602975 | AI22: 28.61084 | AJ22: 28.61084 | AK22: 28.61084 | AL22: 0.0068624578 | AM22: 38.608153 | AN22: 38.608153 | AO22: 38.608153 | AP22: 9.9996989 | AQ22: 38.595975 | AR22: esoteric | AS22: [np.float64(0.06744604316546762)] | AT22: [np.float64(-0.08812949640287769)] | AU22: [1] | AV22: [0] | AW22: [0] | AX22: [9.669065916910768] | AY22: [None] | AZ22: 4.1 | BA22: 1 | BB22: 2025-11-14_17h41.22.485 | BC22: word_priming_sp | BE22: 2025.1.1 | BF22: None | BG22: 2025-11-14 17h41.33.905159 +0530
B23: 1 | C23: 1 | D23: 0 | G23: i_si_i_ | H23: insipid | I23: old | J23: icsi | K23: [] | L23: [] | M23: [] | N23: [] | O23: [] | P23: [] | Q23: [] | V23: 0 | W23: 1 | X23: 1 | Y23: 15 | Z23: 38.608153 | AH23: 38.598788 | AI23: 38.608153 | AJ23: 38.608153 | AK23: 38.608153 | AL23: 0.0026854998 | AM23: 48.606927 | AN23: 48.606927 | AO23: 48.606927 | AP23: 9.9996398 | AQ23: 48.595896 | AR23: icsi | AS23: [] | AT23: [] | AU23: [] | AV23: [] | AW23: [] | AX23: [] | AY23: [] | AZ23: 4.1 | BA23: 1 | BB23: 2025-11-14_17h41.22.485 | BC23: word_priming_sp | BE23: 2025.1.1 | BF23: None | BG23: 2025-11-14 17h41.33.905159 +0530
B24: 2 | C24: 2 | D24: 0 | G24: b_o_ | H24: book | I24: old | J24: boot | K24: [np.float64(0.09172661870503597)] | L24: [np.float64(-0.2994604316546763)] | M24: [1] | N24: [0] | O24: [0] | P24: [8.640269834082574] | Q24: ['submit_text'] | V24: 0 | W24: 2 | X24: 2 | Y24: 0 | Z24: 48.606927 | AH24: 48.597695 | AI24: 48.606927 | AJ24: 48.606927 | AK24: 48.606927 | AL24: 0.0015925409 | AQ24: 57.238193 | AR24: boot | AS24: [np.float64(0.09172661870503597)] | AT24: [np.float64(-0.2994604316546763)] | AU24: [1] | AV24: [0] | AW24: [0] | AX24: [8.640269834082574] | AY24: ['submit_text'] | AZ24: 4.1 | BA24: 1 | BB24: 2025-11-14_17h41.22.485 | BC24: word_priming_sp | BE24: 2025.1.1 | BF24: None | BG24: 2025-11-14 17h41.33.905159 +0530
B25: 3 | C25: 3 | D25: 0 | G25: _ui_ _ | H25: quill | I25: old | J25: quill | K25: [np.float64(0.17805755395683454), np.float64(0.17805755395683454), np.float64(0.05665467625899281)] | L25: [np.float64(-0.2329136690647482), np.float64(-0.2329136690647482), np.float64(-0.3102517985611511)] | M25: [1, 1, 1] | N25: [0, 0, 0] | O25: [0, 0, 0] | P25: [2.2642583327833563, 2.8794354158453643, 3.8298992498312145] | Q25: [None, None, 'submit_text'] | V25: 0 | W25: 3 | X25: 3 | Y25: 10 | Z25: 57.249945 | AH25: 57.240692 | AI25: 57.249945 | AJ25: 57.249945 | AK25: 57.249945 | AL25: 0.0023865409 | AQ25: 61.070812 | AR25: quill | AS25: [np.float64(0.17805755395683454), np.float64(0.17805755395683454), np.float64(0.05665467625899281)] | AT25: [np.float64(-0.2329136690647482), np.float64(-0.2329136690647482), np.float64(-0.3102517985611511)] | AU25: [1, 1, 1] | AV25: [0, 0, 0] | AW25: [0, 0, 0] | AX25: [2.2642583327833563, 2.8794354158453643, 3.8298992498312145] | AY25: [None, None, 'submit_text'] | AZ25: 4.1 | BA25: 1 | BB25: 2025-11-14_17h41.22.485 | BC25: word_priming_sp | BE25: 2025.1.1 | BF25: None | BG25: 2025-11-14 17h41.33.905159 +0530
B26: 4 | C26: 4 | D26: 0 | G26: p_ _e | H26: page | I26: new | J26: pure | K26: [np.float64(0.05665467625899281)] | L26: [np.float64(-0.3102517985611511)] | M26: [1] | N26: [0] | O26: [0] | P26: [3.6471892918925732] | Q26: ['submit_text'] | V26: 0 | W26: 4 | X26: 4 | Y26: 21 | Z26: 61.082519 | AH26: 61.073339 | AI26: 61.082519 | AJ26: 61.082519 | AK26: 61.082519 | AL26: 0.0023919998 | AQ26: 64.720752 | AR26: pure | AS26: [np.float64(0.05665467625899281)] | AT26: [np.float64(-0.3102517985611511)] | AU26: [1] | AV26: [0] | AW26: [0] | AX26: [3.6471892918925732] | AY26: ['submit_text'] | AZ26: 4.1 | BA26: 1 | BB26: 2025-11-14_17h41.22.485 | BC26: word_priming_sp | BE26: 2025.1.1 | BF26: None | BG26: 2025-11-14 17h41.33.905159 +0530
B27: 5 | C27: 5 | D27: 0 | G27: _ru_s_ | H27: cruise | I27: old | J27: cruise | K27: [np.float64(0.05665467625899281)] | L27: [np.float64(-0.3102517985611511)] | M27: [1] | N27: [0] | O27: [0] | P27: [2.865066999802366] | Q27: ['submit_text'] | V27: 0 | W27: 5 | X27: 5 | Y27: 9 | Z27: 64.732254 | AH27: 64.722779 | AI27: 64.732254 | AJ27: 64.732254 | AK27: 64.732254 | AL27: 0.001930333 | AQ27: 67.588061 | AR27: cruise | AS27: [np.float64(0.05665467625899281)] | AT27: [np.float64(-0.3102517985611511)] | AU27: [1] | AV27: [0] | AW27: [0] | AX27: [2.865066999802366] | AY27: ['submit_text'] | AZ27: 4.1 | BA27: 1 | BB27: 2025-11-14_17h41.22.485 | BC27: word_priming_sp | BE27: 2025.1.1 | BF27: None | BG27: 2025-11-14 17h41.33.905159 +0530
B28: 6 | C28: 6 | D28: 0 | G28: ca_o_h_ _y | H28: cacophony | I28: old | J28: cocophony | K28: [np.float64(0.05665467625899281)] | L28: [np.float64(-0.3102517985611511)] | M28: [1] | N28: [0] | O28: [0] | P28: [3.163875917205587] | Q28: ['submit_text'] | V28: 0 | W28: 6 | X28: 6 | Y28: 16 | Z28: 67.599641 | AH28: 67.590473 | AI28: 67.599641 | AJ28: 67.599641 | AK28: 67.599641 | AL28: 0.0023203751 | AQ28: 70.754569 | AR28: cocophony | AS28: [np.float64(0.05665467625899281)] | AT28: [np.float64(-0.3102517985611511)] | AU28: [1] | AV28: [0] | AW28: [0] | AX28: [3.163875917205587] | AY28: ['submit_text'] | AZ28: 4.1 | BA28: 1 | BB28: 2025-11-14_17h41.22.485 | BC28: word_priming_sp | BE28: 2025.1.1 | BF28: None | BG28: 2025-11-14 17h41.33.905159 +0530
B29: 7 | C29: 7 | D29: 0 | G29: b_gu_l_ | H29: beguile | I29: old | J29: beguile | K29: [np.float64(0.05665467625899281)] | L29: [np.float64(-0.3102517985611511)] | M29: [1] | N29: [0] | O29: [0] | P29: [3.7143340830225497] | Q29: ['submit_text'] | V29: 0 | W29: 7 | X29: 7 | Y29: 14 | Z29: 70.766526 | AH29: 70.756934 | AI29: 70.766526 | AJ29: 70.766526 | AK29: 70.766526 | AL29: 0.002254542 | AQ29: 74.471493 | AR29: beguile | AS29: [np.float64(0.05665467625899281)] | AT29: [np.float64(-0.3102517985611511)] | AU29: [1] | AV29: [0] | AW29: [0] | AX29: [3.7143340830225497] | AY29: ['submit_text'] | AZ29: 4.1 | BA29: 1 | BB29: 2025-11-14_17h41.22.485 | BC29: word_priming_sp | BE29: 2025.1.1 | BF29: None | BG29: 2025-11-14 17h41.33.905159 +0530
B30: 8 | C30: 8 | D30: 0 | G30: c_ _hi_n | H30: cushion | I30: new | J30: cophin | K30: [np.float64(0.05665467625899281)] | L30: [np.float64(-0.3102517985611511)] | M30: [1] | N30: [0] | O30: [0] | P30: [7.7475484169553965] | Q30: ['submit_text'] | V30: 0 | W30: 8 | X30: 8 | Y30: 20 | Z30: 74.483147 | AH30: 74.474016 | AI30: 74.483147 | AJ30: 74.483147 | AK30: 74.483147 | AL30: 0.0024123329 | AQ30: 82.221789 | AR30: cophin | AS30: [np.float64(0.05665467625899281)] | AT30: [np.float64(-0.3102517985611511)] | AU30: [1] | AV30: [0] | AW30: [0] | AX30: [7.7475484169553965] | AY30: ['submit_text'] | AZ30: 4.1 | BA30: 1 | BB30: 2025-11-14_17h41.22.485 | BC30: word_priming_sp | BE30: 2025.1.1 | BF30: None | BG30: 2025-11-14 17h41.33.905159 +0530
B31: 9 | C31: 9 | D31: 0 | G31: a_da_i_ _s | H31: audacious | I31: old | J31: audacious | K31: [np.float64(0.05665467625899281)] | L31: [np.float64(-0.3102517985611511)] | M31: [1] | N31: [0] | O31: [0] | P31: [5.097003249917179] | Q31: ['submit_text'] | V31: 0 | W31: 9 | X31: 9 | Y31: 12 | Z31: 82.23305 | AH31: 82.224218 | AI31: 82.23305 | AJ31: 82.23305 | AK31: 82.23305 | AL31: 0.0023276662 | AQ31: 87.321462 | AR31: audacious | AS31: [np.float64(0.05665467625899281)] | AT31: [np.float64(-0.3102517985611511)] | AU31: [1] | AV31: [0] | AW31: [0] | AX31: [5.097003249917179] | AY31: ['submit_text'] | AZ31: 4.1 | BA31: 1 | BB31: 2025-11-14_17h41.22.485 | BC31: word_priming_sp | BE31: 2025.1.1 | BF31: None | BG31: 2025-11-14 17h41.33.905159 +0530
B32: 10 | C32: 10 | D32: 0 | G32: c_m_r_ | H32: camera | I32: new | J32: comies | K32: [] | L32: [] | M32: [] | N32: [] | O32: [] | P32: [] | Q32: [] | V32: 0 | W32: 10 | X32: 10 | Y32: 23 | Z32: 87.333019 | AH32: 87.323517 | AI32: 87.333019 | AJ32: 87.333019 | AK32: 87.333019 | AL32: 0.001963 | AM32: 97.332251 | AN32: 97.332251 | AO32: 97.332251 | AP32: 9.9979603 | AQ32: 97.319741 | AR32: comies | AS32: [] | AT32: [] | AU32: [] | AV32: [] | AW32: [] | AX32: [] | AY32: [] | AZ32: 4.1 | BA32: 1 | BB32: 2025-11-14_17h41.22.485 | BC32: word_priming_sp | BE32: 2025.1.1 | BF32: None | BG32: 2025-11-14 17h41.33.905159 +0530
B33: 11 | C33: 11 | D33: 0 | G33: o_sc_r_ | H33: obscure | I33: new | J33: oisc | K33: [] | L33: [] | M33: [] | N33: [] | O33: [] | P33: [] | Q33: [] | V33: 0 | W33: 11 | X33: 11 | Y33: 24 | Z33: 97.332251 | AH33: 97.322471 | AI33: 97.332251 | AJ33: 97.332251 | AK33: 97.332251 | AL33: 0.00092308316 | AM33: 107.33148 | AN33: 107.33148 | AO33: 107.33148 | AP33: 9.9976625 | AQ33: 107.31945 | AR33: oisc | AS33: [] | AT33: [] | AU33: [] | AV33: [] | AW33: [] | AX33: [] | AY33: [] | AZ33: 4.1 | BA33: 1 | BB33: 2025-11-14_17h41.22.485 | BC33: word_priming_sp | BE33: 2025.1.1 | BF33: None | BG33: 2025-11-14 17h41.33.905159 +0530
B34: 12 | C34: 12 | D34: 0 | G34: _ a_pe_ | H34: carpet | I34: old | J34: carpet | K34: [np.float64(-0.052158273381294966), np.float64(0.024280575539568347), np.float64(0.024280575539568347), np.float64(0.024280575539568347)] | L34: [np.float64(0.24010791366906475), np.float64(-0.26798561151079137), np.float64(-0.26798561151079137), np.float64(-0.3147482014388489)] | M34: [1, 1, 1, 1] | N34: [0, 0, 0, 0] | O34: [0, 0, 0, 0] | P34: [2.998805125011131, 4.115713124861941, 4.898996624862775, 5.849160833982751] | Q34: [None, None, None, 'submit_text'] | V34: 0 | W34: 12 | X34: 12 | Y34: 1 | Z34: 107.33148 | AH34: 107.32205 | AI34: 107.33148 | AJ34: 107.33148 | AK34: 107.33148 | AL34: 0.0005020001 | AQ34: 113.17147 | AR34: carpet | AS34: [np.float64(-0.052158273381294966), np.float64(0.024280575539568347), np.float64(0.024280575539568347), np.float64(0.024280575539568347)] | AT34: [np.float64(0.24010791366906475), np.float64(-0.26798561151079137), np.float64(-0.26798561151079137), np.float64(-0.3147482014388489)] | AU34: [1, 1, 1, 1] | AV34: [0, 0, 0, 0] | AW34: [0, 0, 0, 0] | AX34: [2.998805125011131, 4.115713124861941, 4.898996624862775, 5.849160833982751] | AY34: [None, None, None, 'submit_text'] | AZ34: 4.1 | BA34: 1 | BB34: 2025-11-14_17h41.22.485 | BC34: word_priming_sp | BE34: 2025.1.1 | BF34: None | BG34: 2025-11-14 17h41.33.905159 +0530
B35: 13 | C35: 13 | D35: 0 | G35: _h_ls_ | H35: whilst | I35: old | J35: whilst | K35: [np.float64(0.024280575539568347)] | L35: [np.float64(-0.3147482014388489)] | M35: [1] | N35: [0] | O35: [0] | P35: [5.464709291933104] | Q35: ['submit_text'] | V35: 0 | W35: 13 | X35: 13 | Y35: 7 | Z35: 113.18164 | AH35: 113.17348 | AI35: 113.18164 | AJ35: 113.18164 | AK35: 113.18164 | AL35: 0.0018820842 | AQ35: 118.63841 | AR35: whilst | AS35: [np.float64(0.024280575539568347)] | AT35: [np.float64(-0.3147482014388489)] | AU35: [1] | AV35: [0] | AW35: [0] | AX35: [5.464709291933104] | AY35: ['submit_text'] | AZ35: 4.1 | BA35: 1 | BB35: 2025-11-14_17h41.22.485 | BC35: word_priming_sp | BE35: 2025.1.1 | BF35: None | BG35: 2025-11-14 17h41.33.905159 +0530
B36: 14 | C36: 14 | D36: 0 | G36: _a_l_nc_ | H36: parlance | I36: old | J36: ballance | K36: [] | L36: [] | M36: [] | N36: [] | O36: [] | P36: [] | Q36: [] | V36: 0 | W36: 14 | X36: 14 | Y36: 11 | Z36: 118.64931 | AH36: 118.64081 | AI36: 118.64931 | AJ36: 118.64931 | AK36: 118.64931 | AL36: 0.0023033752 | AM36: 128.64866 | AN36: 128.64866 | AO36: 128.64866 | AP36: 9.9977404 | AQ36: 128.63647 | AR36: ballance | AS36: [] | AT36: [] | AU36: [] | AV36: [] | AW36: [] | AX36: [] | AY36: [] | AZ36: 4.1 | BA36: 1 | BB36: 2025-11-14_17h41.22.485 | BC36: word_priming_sp | BE36: 2025.1.1 | BF36: None | BG36: 2025-11-14 17h41.33.905159 +0530
B37: 15 | C37: 15 | D37: 0 | G37: _e_or_ | H37: memory | I37: old | K37: [] | L37: [] | M37: [] | N37: [] | O37: [] | P37: [] | Q37: [] | V37: 0 | W37: 15 | X37: 15 | Y37: 3 | Z37: 128.64866 | AH37: 128.6387 | AI37: 128.64866 | AJ37: 128.64866 | AK37: 128.64866 | AL37: 0.00020362507 | AM37: 138.64526 | AN37: 138.64526 | AO37: 138.64526 | AP37: 9.9973328 | AQ37: 138.63601 | AS37: [] | AT37: [] | AU37: [] | AV37: [] | AW37: [] | AX37: [] | AY37: [] | AZ37: 4.1 | BA37: 1 | BB37: 2025-11-14_17h41.22.485 | BC37: word_priming_sp | BE37: 2025.1.1 | BF37: None | BG37: 2025-11-14 17h41.33.905159 +0530
B38: 16 | C38: 16 | D38: 0 | G38: _in_ _u_ | H38: minimum | I38: old | J38: ting | K38: [] | L38: [] | M38: [] | N38: [] | O38: [] | P38: [] | Q38: [] | V38: 0 | W38: 16 | X38: 16 | Y38: 8 | Z38: 138.64526 | AH38: 138.6379 | AI38: 138.64526 | AJ38: 138.64526 | AK38: 138.64526 | AL38: -0.000608542 | AM38: 148.6399 | AN38: 148.6399 | AO38: 148.6399 | AP38: 9.9901705 | AQ38: 148.62889 | AR38: ting | AS38: [] | AT38: [] | AU38: [] | AV38: [] | AW38: [] | AX38: [] | AY38: [] | AZ38: 4.1 | BA38: 1 | BB38: 2025-11-14_17h41.22.485 | BC38: word_priming_sp | BE38: 2025.1.1 | BF38: None | BG38: 2025-11-14 17h41.33.905159 +0530
B39: 17 | C39: 17 | D39: 0 | G39: _os_ | H39: hose | I39: old | J39: boss | K39: [np.float64(0.07464028776978417), np.float64(0.06474820143884892)] | L39: [np.float64(-0.18165467625899281), np.float64(-0.2994604316546763)] | M39: [1, 1] | N39: [0, 0] | O39: [0, 0] | P39: [2.814777292078361, 3.513200042070821] | Q39: [None, 'submit_text'] | V39: 0 | W39: 17 | X39: 17 | Y39: 4 | Z39: 148.6399 | AH39: 148.63072 | AI39: 148.6399 | AJ39: 148.6399 | AK39: 148.6399 | AL39: 0.0014618752 | AQ39: 152.15335 | AR39: boss | AS39: [np.float64(0.07464028776978417), np.float64(0.06474820143884892)] | AT39: [np.float64(-0.18165467625899281), np.float64(-0.2994604316546763)] | AU39: [1, 1] | AV39: [0, 0] | AW39: [0, 0] | AX39: [2.814777292078361, 3.513200042070821] | AY39: [None, 'submit_text'] | AZ39: 4.1 | BA39: 1 | BB39: 2025-11-14_17h41.22.485 | BC39: word_priming_sp | BE39: 2025.1.1 | BF39: None | BG39: 2025-11-14 17h41.33.905159 +0530
B40: 18 | C40: 18 | D40: 0 | G40: _l_u_ia_ | H40: alluvium | I40: old | J40: eleusia | K40: [np.float64(0.11510791366906475)] | L40: [np.float64(-0.3147482014388489)] | M40: [1] | N40: [0] | O40: [0] | P40: [6.766106833005324] | Q40: ['submit_text'] | V40: 0 | W40: 18 | X40: 18 | Y40: 13 | Z40: 152.17929 | AH40: 152.15522 | AI40: 152.17929 | AJ40: 152.17929 | AK40: 152.17929 | AL40: 0.001764416 | AQ40: 158.92158 | AR40: eleusia | AS40: [np.float64(0.11510791366906475)] | AT40: [np.float64(-0.3147482014388489)] | AU40: [1] | AV40: [0] | AW40: [0] | AX40: [6.766106833005324] | AY40: ['submit_text'] | AZ40: 4.1 | BA40: 1 | BB40: 2025-11-14_17h41.22.485 | BC40: word_priming_sp | BE40: 2025.1.1 | BF40: None | BG40: 2025-11-14 17h41.33.905159 +0530
B41: 19 | C41: 19 | D41: 0 | G41: pa_s_m_ _y | H41: parsimony | I41: old | J41: pacs | K41: [] | L41: [] | M41: [] | N41: [] | O41: [] | P41: [] | Q41: [] | V41: 0 | W41: 19 | X41: 19 | Y41: 18 | Z41: 158.93282 | AH41: 158.92409 | AI41: 158.93282 | AJ41: 158.93282 | AK41: 158.93282 | AL41: 0.0024145832 | AM41: 168.93146 | AN41: 168.93146 | AO41: 168.93146 | AP41: 9.9975057 | AQ41: 168.91942 | AR41: pacs | AS41: [] | AT41: [] | AU41: [] | AV41: [] | AW41: [] | AX41: [] | AY41: [] | AZ41: 4.1 | BA41: 1 | BB41: 2025-11-14_17h41.22.485 | BC41: word_priming_sp | BE41: 2025.1.1 | BF41: None | BG41: 2025-11-14 17h41.33.905159 +0530
B42: 20 | C42: 20 | D42: 0 | G42: _en_il | H42: pencil | I42: new | J42: pencil | K42: [np.float64(-0.039568345323741004), np.float64(0.07553956834532374), np.float64(0.0764388489208633)] | L42: [np.float64(0.15017985611510792), np.float64(-0.3327338129496403), np.float64(-0.3012589928057554)] | M42: [1, 1, 1] | N42: [0, 0, 0] | O42: [0, 0, 0] | P42: [4.2989408751018345, 5.098552458919585, 5.698862374993041] | Q42: [None, None, 'submit_text'] | V42: 0 | W42: 20 | X42: 20 | Y42: 22 | Z42: 168.93146 | AH42: 168.9215 | AI42: 168.93146 | AJ42: 168.93146 | AK42: 168.93146 | AL42: -0.00017337478 | AQ42: 174.6206 | AR42: pencil | AS42: [np.float64(-0.039568345323741004), np.float64(0.07553956834532374), np.float64(0.0764388489208633)] | AT42: [np.float64(0.15017985611510792), np.float64(-0.3327338129496403), np.float64(-0.3012589928057554)] | AU42: [1, 1, 1] | AV42: [0, 0, 0] | AW42: [0, 0, 0] | AX42: [4.2989408751018345, 5.098552458919585, 5.698862374993041] | AY42: [None, None, 'submit_text'] | AZ42: 4.1 | BA42: 1 | BB42: 2025-11-14_17h41.22.485 | BC42: word_priming_sp | BE42: 2025.1.1 | BF42: None | BG42: 2025-11-14 17h41.33.905159 +0530
B43: 21 | C43: 21 | D43: 0 | G43: _i_a _io_s | H43: vicarious | I43: old | J43: hilarious | K43: [] | L43: [] | M43: [] | N43: [] | O43: [] | P43: [] | Q43: [] | V43: 0 | W43: 21 | X43: 21 | Y43: 19 | Z43: 174.63179 | AH43: 174.62292 | AI43: 174.63179 | AJ43: 174.63179 | AK43: 174.63179 | AL43: 0.0022006249 | AM43: 184.6315 | AN43: 184.6315 | AO43: 184.6315 | AP43: 9.998332 | AQ43: 184.61929 | AR43: hilarious | AS43: [] | AT43: [] | AU43: [] | AV43: [] | AW43: [] | AX43: [] | AY43: [] | AZ43: 4.1 | BA43: 1 | BB43: 2025-11-14_17h41.22.485 | BC43: word_priming_sp | BE43: 2025.1.1 | BF43: None | BG43: 2025-11-14 17h41.33.905159 +0530
B44: 22 | C44: 22 | D44: 0 | G44: la_g_ _e_ | H44: laughter | I44: old | J44: language | K44: [np.float64(0.044064748201438846), np.float64(0.052158273381294966), np.float64(0.04946043165467626), np.float64(0.05485611510791367)] | L44: [np.float64(-0.4001798561151079), np.float64(-0.36510791366906475), np.float64(-0.3318345323741007), np.float64(-0.3192446043165468)] | M44: [1, 1, 1, 1] | N44: [0, 0, 0, 0] | O44: [0, 0, 0, 0] | P44: [3.299343958031386, 3.8489887081086636, 5.331927708117291, 6.649540500016883] | Q44: [None, None, None, 'submit_text'] | V44: 0 | W44: 22 | X44: 22 | Y44: 6 | Z44: 184.6315 | AH44: 184.62169 | AI44: 184.6315 | AJ44: 184.6315 | AK44: 184.6315 | AL44: 0.00097458297 | AQ44: 191.27153 | AR44: language | AS44: [np.float64(0.044064748201438846), np.float64(0.052158273381294966), np.float64(0.04946043165467626), np.float64(0.05485611510791367)] | AT44: [np.float64(-0.4001798561151079), np.float64(-0.36510791366906475), np.float64(-0.3318345323741007), np.float64(-0.3192446043165468)] | AU44: [1, 1, 1, 1] | AV44: [0, 0, 0, 0] | AW44: [0, 0, 0, 0] | AX44: [3.299343958031386, 3.8489887081086636, 5.331927708117291, 6.649540500016883] | AY44: [None, None, None, 'submit_text'] | AZ44: 4.1 | BA44: 1 | BB44: 2025-11-14_17h41.22.485 | BC44: word_priming_sp | BE44: 2025.1.1 | BF44: None | BG44: 2025-11-14 17h41.33.905159 +0530
B45: 23 | C45: 23 | D45: 0 | G45: _oo_h | H45: booth | I45: old | J45: booth | K45: [np.float64(0.05485611510791367)] | L45: [np.float64(-0.3192446043165468)] | M45: [1] | N45: [0] | O45: [0] | P45: [2.063011124962941] | Q45: ['submit_text'] | V45: 0 | W45: 23 | X45: 23 | Y45: 5 | Z45: 191.28271 | AH45: 191.27396 | AI45: 191.28271 | AJ45: 191.28271 | AK45: 191.28271 | AL45: 0.0022616249 | AQ45: 193.33727 | AR45: booth | AS45: [np.float64(0.05485611510791367)] | AT45: [np.float64(-0.3192446043165468)] | AU45: [1] | AV45: [0] | AW45: [0] | AX45: [2.063011124962941] | AY45: ['submit_text'] | AZ45: 4.1 | BA45: 1 | BB45: 2025-11-14_17h41.22.485 | BC45: word_priming_sp | BE45: 2025.1.1 | BF45: None | BG45: 2025-11-14 17h41.33.905159 +0530
B46: 24 | C46: 24 | D46: 0 | G46: sa_d_ _ c_ | H46: sandwich | I46: old | J46: sandwich | K46: [np.float64(0.05485611510791367)] | L46: [np.float64(-0.3192446043165468)] | M46: [1] | N46: [0] | O46: [0] | P46: [2.7144447090104222] | Q46: ['submit_text'] | V46: 0 | W46: 24 | X46: 24 | Y46: 2 | Z46: 193.34889 | AH46: 193.33971 | AI46: 193.34889 | AJ46: 193.34889 | AK46: 193.34889 | AL46: 0.0023437089 | AQ46: 196.05446 | AR46: sandwich | AS46: [np.float64(0.05485611510791367)] | AT46: [np.float64(-0.3192446043165468)] | AU46: [1] | AV46: [0] | AW46: [0] | AX46: [2.7144447090104222] | AY46: ['submit_text'] | AZ46: 4.1 | BA46: 1 | BB46: 2025-11-14_17h41.22.485 | BC46: word_priming_sp | BE46: 2025.1.1 | BF46: None | BG46: 2025-11-14 17h41.33.905159 +0530
K48: prop hit from study list | L48: 10 by 18 | M48: =10/18 -> 0.55555556
K49: prop hit from non primed words | L49: 1 by 5 | M49: =1/5 -> 0.2
K51: priming score before | M51: =M48-M49 -> 0.35555556

Sheet 4.1
A1: study_word | B1: thisN | C1: thisTrialN | D1: thisRepN | E1: StudySlider.response | F1: StudySlider.rt | G1: test_word | H1: Reference | I1: old_new | J1: test_textbox.text | K1: testmouse.x | L1: testmouse.y | M1: testmouse.leftButton | N1: testmouse.midButton | O1: testmouse.rightButton | P1: testmouse.time | Q1: testmouse.clicked_name | R1: trials.thisRepN | S1: trials.thisTrialN | T1: trials.thisN | U1: trials.thisIndex | V1: trials_2.thisRepN | W1: trials_2.thisTrialN | X1: trials_2.thisN | Y1: trials_2.thisIndex | Z1: thisRow.t | AA1: notes | AB1: trial.started | AC1: StudyText.started | AD1: StudySlider.started | AE1: trial.stopped | AF1: trials.StudySlider.response | AG1: trials.StudySlider.rt | AH1: Test_Phase.started | AI1: TestText.started | AJ1: test_textbox.started | AK1: submit_text.started | AL1: testmouse.started | AM1: Test_Phase.stopped | AN1: trials_2.test_textbox.text | AO1: trials_2.testmouse.x | AP1: trials_2.testmouse.y | AQ1: trials_2.testmouse.leftButton | AR1: trials_2.testmouse.midButton | AS1: trials_2.testmouse.rightButton | AT1: trials_2.testmouse.time | AU1: trials_2.testmouse.clicked_name | AV1: TestText.stopped | AW1: test_textbox.stopped | AX1: submit_text.stopped | AY1: testmouse.stopped | AZ1: participant | BA1: session | BB1: date | BC1: expName | BD1: expVersion | BE1: psychopyVersion | BF1: frameRate | BG1: expStart
A2: book | B2: 0 | C2: 0 | D2: 0 | E2: 1.0359712 | F2: 1.5744296 | R2: 0 | S2: 0 | T2: 0 | U2: 0 | Z2: 0.035355125 | AB2: 0.018622083 | AC2: 0.035355125 | AD2: 0.035355125 | AE2: 1.6017953 | AF2: 1.0359712 | AG2: 1.5744296 | AZ2: 4.2 | BA2: 1 | BB2: 2025-11-14_18h00.44.038 | BC2: word_priming_sp | BE2: 2025.1.1 | BF2: None | BG2: 2025-11-14 18h01.10.289761 +0530
A3: parlance | B3: 1 | C3: 1 | D3: 0 | E3: 4.0431655 | F3: 4.9697978 | R3: 0 | S3: 1 | T3: 1 | U3: 11 | Z3: 1.612402 | AB3: 1.6058079 | AC3: 1.612402 | AD3: 1.612402 | AE3: 6.5851159 | AF3: 4.0431655 | AG3: 4.9697978 | AZ3: 4.2 | BA3: 1 | BB3: 2025-11-14_18h00.44.038 | BC3: word_priming_sp | BE3: 2025.1.1 | BF3: None | BG3: 2025-11-14 18h01.10.289761 +0530
A4: audacious | B4: 2 | C4: 2 | D4: 0 | E4: 1.9676259 | F4: 3.3044693 | R4: 0 | S4: 2 | T4: 2 | U4: 12 | Z4: 6.5948787 | AB4: 6.5882535 | AC4: 6.5948787 | AD4: 6.5948787 | AE4: 9.9017855 | AF4: 1.9676259 | AG4: 3.3044693 | AZ4: 4.2 | BA4: 1 | BB4: 2025-11-14_18h00.44.038 | BC4: word_priming_sp | BE4: 2025.1.1 | BF4: None | BG4: 2025-11-14 18h01.10.289761 +0530
A5: minimum | B5: 3 | C5: 3 | D5: 0 | E5: 1.0359712 | F5: 0.70552183 | R5: 0 | S5: 3 | T5: 3 | U5: 8 | Z5: 9.9101586 | AB5: 9.9036974 | AC5: 9.9101586 | AD5: 9.9101586 | AE5: 10.618485 | AF5: 1.0359712 | AG5: 0.70552183 | AZ5: 4.2 | BA5: 1 | BB5: 2025-11-14_18h00.44.038 | BC5: word_priming_sp | BE5: 2025.1.1 | BF5: None | BG5: 2025-11-14 18h01.10.289761 +0530
A6: cacophony | B6: 4 | C6: 4 | D6: 0 | E6: 1.0359712 | F6: 0.47089254 | R6: 0 | S6: 4 | T6: 4 | U6: 16 | Z6: 10.627885 | AB6: 10.621408 | AC6: 10.627885 | AD6: 10.627885 | AE6: 11.101659 | AF6: 1.0359712 | AG6: 0.47089254 | AZ6: 4.2 | BA6: 1 | BB6: 2025-11-14_18h00.44.038 | BC6: word_priming_sp | BE6: 2025.1.1 | BF6: None | BG6: 2025-11-14 18h01.10.289761 +0530
A7: esoteric | B7: 5 | C7: 5 | D7: 0 | E7: 3.8741007 | F7: 4.1061362 | R7: 0 | S7: 5 | T7: 5 | U7: 17 | Z7: 11.109689 | AB7: 11.103285 | AC7: 11.109689 | AD7: 11.109689 | AE7: 15.218448 | AF7: 3.8741007 | AG7: 4.1061362 | AZ7: 4.2 | BA7: 1 | BB7: 2025-11-14_18h00.44.038 | BC7: word_priming_sp | BE7: 2025.1.1 | BF7: None | BG7: 2025-11-14 18h01.10.289761 +0530
A8: carpet | B8: 6 | C8: 6 | D8: 0 | E8: 1 | F8: 2.2724115 | R8: 0 | S8: 6 | T8: 6 | U8: 1 | Z8: 15.227008 | AB8: 15.22033 | AC8: 15.227008 | AD8: 15.227008 | AE8: 17.501811 | AF8: 1 | AG8: 2.2724115 | AZ8: 4.2 | BA8: 1 | BB8: 2025-11-14_18h00.44.038 | BC8: word_priming_sp | BE8: 2025.1.1 | BF8: None | BG8: 2025-11-14 18h01.10.289761 +0530
A9: quill | B9: 7 | C9: 7 | D9: 0 | E9: 1 | F9: 0.68828 | R9: 0 | S9: 7 | T9: 7 | U9: 10 | Z9: 17.51124 | AB9: 17.504501 | AC9: 17.51124 | AD9: 17.51124 | AE9: 18.201813 | AF9: 1 | AG9: 0.68828 | AZ9: 4.2 | BA9: 1 | BB9: 2025-11-14_18h00.44.038 | BC9: word_priming_sp | BE9: 2025.1.1 | BF9: None | BG9: 2025-11-14 18h01.10.289761 +0530
A10: memory | B10: 8 | C10: 8 | D10: 0 | E10: 1 | F10: 0.78916733 | R10: 0 | S10: 8 | T10: 8 | U10: 3 | Z10: 18.210107 | AB10: 18.203553 | AC10: 18.210107 | AD10: 18.210107 | AE10: 19.001786 | AF10: 1 | AG10: 0.78916733 | AZ10: 4.2 | BA10: 1 | BB10: 2025-11-14_18h00.44.038 | BC10: word_priming_sp | BE10: 2025.1.1 | BF10: None | BG10: 2025-11-14 18h01.10.289761 +0530
A11: parsimony | B11: 9 | C11: 9 | D11: 0 | E11: 3.9964029 | F11: 2.855072 | R11: 0 | S11: 9 | T11: 9 | U11: 18 | Z11: 19.01021 | AB11: 19.003742 | AC11: 19.01021 | AD11: 19.01021 | AE11: 21.868299 | AF11: 3.9964029 | AG11: 2.855072 | AZ11: 4.2 | BA11: 1 | BB11: 2025-11-14_18h00.44.038 | BC11: word_priming_sp | BE11: 2025.1.1 | BF11: None | BG11: 2025-11-14 18h01.10.289761 +0530
A12: hose | B12: 10 | C12: 10 | D12: 0 | E12: 1.1546763 | F12: 1.7228241 | R12: 0 | S12: 10 | T12: 10 | U12: 4 | Z12: 21.876673 | AB12: 21.869991 | AC12: 21.876673 | AD12: 21.876673 | AE12: 23.601786 | AF12: 1.1546763 | AG12: 1.7228241 | AZ12: 4.2 | BA12: 1 | BB12: 2025-11-14_18h00.44.038 | BC12: word_priming_sp | BE12: 2025.1.1 | BF12: None | BG12: 2025-11-14 18h01.10.289761 +0530
A13: beguile | B13: 11 | C13: 11 | D13: 0 | E13: 4.028777 | F13: 1.3549942 | R13: 0 | S13: 11 | T13: 11 | U13: 14 | Z13: 23.610959 | AB13: 23.604441 | AC13: 23.610959 | AD13: 23.610959 | AE13: 24.968453 | AF13: 4.028777 | AG13: 1.3549942 | AZ13: 4.2 | BA13: 1 | BB13: 2025-11-14_18h00.44.038 | BC13: word_priming_sp | BE13: 2025.1.1 | BF13: None | BG13: 2025-11-14 18h01.10.289761 +0530
... A21: vicarious | B21: 19 | C21: 19 | D21: 0 | E21: 4.0035971 | F21: 2.0893397 | R21: 0 | S21: 19 | T21: 19 | U21: 19 | Z21: 36.860106 | AB21: 36.853464 | AC21: 36.860106 | AD21: 36.860106 | AE21: 38.951662 | AF21: 4.0035971 | AG21: 2.0893397 | AZ21: 4.2 | BA21: 1 | BB21: 2025-11-14_18h00.44.038 | BC21: word_priming_sp | BE21: 2025.1.1 | BF21: None | BG21: 2025-11-14 18h01.10.289761 +0530
B22: 0 | C22: 0 | D22: 0 | G22: c_ _hi_n | H22: cushion | I22: new | J22: cophin | K22: [] | L22: [] | M22: [] | N22: [] | O22: [] | P22: [] | Q22: [] | V22: 0 | W22: 0 | X22: 0 | Y22: 20 | Z22: 38.970257 | AH22: 38.961456 | AI22: 38.970257 | AJ22: 38.970257 | AK22: 38.970257 | AL22: 0.0097939579 | AM22: 48.958683 | AN22: cophin | AO22: [] | AP22: [] | AQ22: [] | AR22: [] | AS22: [] | AT22: [] | AU22: [] | AZ22: 4.2 | BA22: 1 | BB22: 2025-11-14_18h00.44.038 | BC22: word_priming_sp | BE22: 2025.1.1 | BF22: None | BG22: 2025-11-14 18h01.10.289761 +0530
B23: 1 | C23: 1 | D23: 0 | G23: c_m_r_ | H23: camera | I23: new | J23: c | K23: [] | L23: [] | M23: [] | N23: [] | O23: [] | P23: [] | Q23: [] | V23: 0 | W23: 1 | X23: 1 | Y23: 23 | Z23: 48.970652 | AH23: 48.960826 | AI23: 48.970652 | AJ23: 48.970652 | AK23: 48.970652 | AL23: 0.009168583 | AM23: 58.958599 | AN23: c | AO23: [] | AP23: [] | AQ23: [] | AR23: [] | AS23: [] | AT23: [] | AU23: [] | AZ23: 4.2 | BA23: 1 | BB23: 2025-11-14_18h00.44.038 | BC23: word_priming_sp | BE23: 2025.1.1 | BF23: None | BG23: 2025-11-14 18h01.10.289761 +0530
B24: 2 | C24: 2 | D24: 0 | G24: b_o_ | H24: book | I24: old | J24: b | K24: [] | L24: [] | M24: [] | N24: [] | O24: [] | P24: [] | Q24: [] | V24: 0 | W24: 2 | X24: 2 | Y24: 0 | Z24: 58.970274 | AH24: 58.96067 | AI24: 58.970274 | AJ24: 58.970274 | AK24: 58.970274 | AL24: 0.0090109999 | AM24: 68.958645 | AN24: b | AO24: [] | AP24: [] | AQ24: [] | AR24: [] | AS24: [] | AT24: [] | AU24: [] | AZ24: 4.2 | BA24: 1 | BB24: 2025-11-14_18h00.44.038 | BC24: word_priming_sp | BE24: 2025.1.1 | BF24: None | BG24: 2025-11-14 18h01.10.289761 +0530
B25: 3 | C25: 3 | D25: 0 | G25: _l_u_ia_ | H25: alluvium | I25: old | J25: allumia | K25: [np.float64(0.07913669064748201)] | L25: [np.float64(-0.24550359712230216)] | M25: [1] | N25: [0] | O25: [0] | P25: [7.999199415789917] | Q25: [None] | V25: 0 | W25: 3 | X25: 3 | Y25: 13 | Z25: 68.971259 | AH25: 68.961106 | AI25: 68.971259 | AJ25: 68.971259 | AK25: 68.971259 | AL25: 0.0094508331 | AM25: 78.958953 | AN25: allumia | AO25: [np.float64(0.07913669064748201)] | AP25: [np.float64(-0.24550359712230216)] | AQ25: [1] | AR25: [0] | AS25: [0] | AT25: [7.999199415789917] | AU25: [None] | AZ25: 4.2 | BA25: 1 | BB25: 2025-11-14_18h00.44.038 | BC25: word_priming_sp | BE25: 2025.1.1 | BF25: None | BG25: 2025-11-14 18h01.10.289761 +0530
B26: 4 | C26: 4 | D26: 0 | G26: pa_s_m_ _y | H26: parsimony | I26: old | J26: pars | K26: [] | L26: [] | M26: [] | N26: [] | O26: [] | P26: [] | Q26: [] | V26: 0 | W26: 4 | X26: 4 | Y26: 18 | Z26: 78.971209 | AH26: 78.961576 | AI26: 78.971209 | AJ26: 78.971209 | AK26: 78.971209 | AL26: 0.0099144999 | AM26: 88.958905 | AN26: pars | AO26: [] | AP26: [] | AQ26: [] | AR26: [] | AS26: [] | AT26: [] | AU26: [] | AZ26: 4.2 | BA26: 1 | BB26: 2025-11-14_18h00.44.038 | BC26: word_priming_sp | BE26: 2025.1.1 | BF26: None | BG26: 2025-11-14 18h01.10.289761 +0530
B27: 5 | C27: 5 | D27: 0 | G27: o_sc_r_ | H27: obscure | I27: new | J27: osscars | K27: [np.float64(-0.026079136690647483), np.float64(-0.03597122302158273), np.float64(-0.02158273381294964)] | L27: [np.float64(0.00539568345323741), np.float64(-0.2383093525179856), np.float64(-0.3183453237410072)] | M27: [1, 1, 1] | N27: [0, 0, 0] | O27: [0, 0, 0] | P27: [7.515140833100304, 8.131599208107218, 9.01302225003019] | Q27: [None, None, 'submit_text'] | V27: 0 | W27: 5 | X27: 5 | Y27: 24 | Z27: 88.971556 | AH27: 88.96129 | AI27: 88.971556 | AJ27: 88.971556 | AK27: 88.971556 | AL27: 0.009635417 | AM27: 97.974514 | AN27: osscars | AO27: [np.float64(-0.026079136690647483), np.float64(-0.03597122302158273), np.float64(-0.02158273381294964)] | AP27: [np.float64(0.00539568345323741), np.float64(-0.2383093525179856), np.float64(-0.3183453237410072)] | AQ27: [1, 1, 1] | AR27: [0, 0, 0] | AS27: [0, 0, 0] | AT27: [7.515140833100304, 8.131599208107218, 9.01302225003019] | AU27: [None, None, 'submit_text'] | AZ27: 4.2 | BA27: 1 | BB27: 2025-11-14_18h00.44.038 | BC27: word_priming_sp | BE27: 2025.1.1 | BF27: None | BG27: 2025-11-14 18h01.10.289761 +0530
B28: 6 | C28: 6 | D28: 0 | G28: _en_il | H28: pencil | I28: new | J28: pencil | K28: [np.float64(0.08273381294964029), np.float64(0.07194244604316546)] | L28: [np.float64(-0.35251798561151076), np.float64(-0.3129496402877698)] | M28: [1, 1] | N28: [0, 0] | O28: [0, 0] | P28: [3.5839912921655923, 5.133754084119573] | Q28: [None, 'submit_text'] | V28: 0 | W28: 6 | X28: 6 | Y28: 22 | Z28: 97.984439 | AH28: 97.976073 | AI28: 97.984439 | AJ28: 97.984439 | AK28: 97.984439 | AL28: 0.0014584169 | AM28: 103.11 | AN28: pencil | AO28: [np.float64(0.08273381294964029), np.float64(0.07194244604316546)] | AP28: [np.float64(-0.35251798561151076), np.float64(-0.3129496402877698)] | AQ28: [1, 1] | AR28: [0, 0] | AS28: [0, 0] | AT28: [3.5839912921655923, 5.133754084119573] | AU28: [None, 'submit_text'] | AZ28: 4.2 | BA28: 1 | BB28: 2025-11-14_18h00.44.038 | BC28: word_priming_sp | BE28: 2025.1.1 | BF28: None | BG28: 2025-11-14 18h01.10.289761 +0530
B29: 7 | C29: 7 | D29: 0 | G29: ca_o_h_ _y | H29: cacophony | I29: old | J29: cacophony | K29: [np.float64(0.04226618705035971)] | L29: [np.float64(-0.32194244604316546)] | M29: [1] | N29: [0] | O29: [0] | P29: [7.21373820817098] | Q29: ['submit_text'] | V29: 0 | W29: 7 | X29: 7 | Y29: 16 | Z29: 103.12131 | AH29: 103.11214 | AI29: 103.12131 | AJ29: 103.12131 | AK29: 103.12131 | AL29: 0.002035208 | AM29: 110.32607 | AN29: cacophony | AO29: [np.float64(0.04226618705035971)] | AP29: [np.float64(-0.32194244604316546)] | AQ29: [1] | AR29: [0] | AS29: [0] | AT29: [7.21373820817098] | AU29: ['submit_text'] | AZ29: 4.2 | BA29: 1 | BB29: 2025-11-14_18h00.44.038 | BC29: word_priming_sp | BE29: 2025.1.1 | BF29: None | BG29: 2025-11-14 18h01.10.289761 +0530
B30: 8 | C30: 8 | D30: 0 | G30: _a_l_nc_ | H30: parlance | I30: old | J30: vallance | K30: [] | L30: [] | M30: [] | N30: [] | O30: [] | P30: [] | Q30: [] | V30: 0 | W30: 8 | X30: 8 | Y30: 11 | Z30: 110.33709 | AH30: 110.32794 | AI30: 110.33709 | AJ30: 110.33709 | AK30: 110.33709 | AL30: 0.0017905419 | AM30: 120.32525 | AN30: vallance | AO30: [] | AP30: [] | AQ30: [] | AR30: [] | AS30: [] | AT30: [] | AU30: [] | AV30: 120.35167 | AW30: 120.35167 | AX30: 120.35167 | AY30: 9.9989112 | AZ30: 4.2 | BA30: 1 | BB30: 2025-11-14_18h00.44.038 | BC30: word_priming_sp | BE30: 2025.1.1 | BF30: None | BG30: 2025-11-14 18h01.10.289761 +0530
B31: 9 | C31: 9 | D31: 0 | G31: _os_ | H31: hose | I31: old | K31: [np.float64(0.046762589928057555)] | L31: [np.float64(-0.30755395683453235)] | M31: [1] | N31: [0] | O31: [0] | P31: [0.09843158395960927] | Q31: ['submit_text'] | V31: 0 | W31: 9 | X31: 9 | Y31: 4 | Z31: 120.35167 | AH31: 120.32731 | AI31: 120.35167 | AJ31: 120.35167 | AK31: 120.35167 | AL31: 0.0011697919 | AM31: 120.42593 | AO31: [np.float64(0.046762589928057555)] | AP31: [np.float64(-0.30755395683453235)] | AQ31: [1] | AR31: [0] | AS31: [0] | AT31: [0.09843158395960927] | AU31: ['submit_text'] | AZ31: 4.2 | BA31: 1 | BB31: 2025-11-14_18h00.44.038 | BC31: word_priming_sp | BE31: 2025.1.1 | BF31: None | BG31: 2025-11-14 18h01.10.289761 +0530
B32: 10 | C32: 10 | D32: 0 | G32: _e_or_ | H32: memory | I32: old | J32: le | K32: [] | L32: [] | M32: [] | N32: [] | O32: [] | P32: [] | Q32: [] | V32: 0 | W32: 10 | X32: 10 | Y32: 3 | Z32: 120.43456 | AH32: 120.42736 | AI32: 120.43456 | AJ32: 120.43456 | AK32: 120.43456 | AL32: 0.0013576669 | AM32: 130.41795 | AN32: le | AO32: [] | AP32: [] | AQ32: [] | AR32: [] | AS32: [] | AT32: [] | AU32: [] | AV32: 130.42969 | AW32: 130.42969 | AX32: 130.42969 | AY32: 9.9917566 | AZ32: 4.2 | BA32: 1 | BB32: 2025-11-14_18h00.44.038 | BC32: word_priming_sp | BE32: 2025.1.1 | BF32: None | BG32: 2025-11-14 18h01.10.289761 +0530
B33: 11 | C33: 11 | D33: 0 | G33: a_da_i_ _s | H33: audacious | I33: old | J33: audacious | K33: [np.float64(-0.0035971223021582736), np.float64(0.03597122302158273), np.float64(0.08183453237410072), np.float64(0.11420863309352518)] | L33: [np.float64(-0.4766187050359712), np.float64(-0.4181654676258993), np.float64(-0.36780575539568344), np.float64(-0.30755395683453235)] | M33: [1, 1, 1, 1] | N33: [0, 0, 0, 0] | O33: [0, 0, 0, 0] | P33: [3.0634573330171406, 3.512611750047654, 4.097263332922012, 4.746576291974634] | Q33: [None, None, None, 'submit_text'] | V33: 0 | W33: 11 | X33: 11 | Y33: 12 | Z33: 130.42969 | AH33: 130.42075 | AI33: 130.42969 | AJ33: 130.42969 | AK33: 130.42969 | AL33: 0.0037518339 | AM33: 135.17649 | AN33: audacious | AO33: [np.float64(-0.0035971223021582736), np.float64(0.03597122302158273), np.float64(0.08183453237410072), np.float64(0.11420863309352518)] | AP33: [np.float64(-0.4766187050359712), np.float64(-0.4181654676258993), np.float64(-0.36780575539568344), np.float64(-0.30755395683453235)] | AQ33: [1, 1, 1, 1] | AR33: [0, 0, 0, 0] | AS33: [0, 0, 0, 0] | AT33: [3.0634573330171406, 3.512611750047654, 4.097263332922012, 4.746576291974634] | AU33: [None, None, None, 'submit_text'] | AZ33: 4.2 | BA33: 1 | BB33: 2025-11-14_18h00.44.038 | BC33: word_priming_sp | BE33: 2025.1.1 | BF33: None | BG33: 2025-11-14 18h01.10.289761 +0530
B34: 12 | C34: 12 | D34: 0 | G34: e_o_ _r_c | H34: esoteric | I34: old | J34: esocentric | K34: [np.float64(0.07284172661870504)] | L34: [np.float64(-0.2976618705035971)] | M34: [1] | N34: [0] | O34: [0] | P34: [5.248158833943307] | Q34: ['submit_text'] | V34: 0 | W34: 12 | X34: 12 | Y34: 17 | Z34: 135.18857 | AH34: 135.179 | AI34: 135.18857 | AJ34: 135.18857 | AK34: 135.18857 | AL34: 0.0023602082 | AM34: 140.42737 | AN34: esocentric | AO34: [np.float64(0.07284172661870504)] | AP34: [np.float64(-0.2976618705035971)] | AQ34: [1] | AR34: [0] | AS34: [0] | AT34: [5.248158833943307] | AU34: ['submit_text'] | AZ34: 4.2 | BA34: 1 | BB34: 2025-11-14_18h00.44.038 | BC34: word_priming_sp | BE34: 2025.1.1 | BF34: None | BG34: 2025-11-14 18h01.10.289761 +0530
B35: 13 | C35: 13 | D35: 0 | G35: i_si_i_ | H35: insipid | I35: old | K35: [] | L35: [] | M35: [] | N35: [] | O35: [] | P35: [] | Q35: [] | V35: 0 | W35: 13 | X35: 13 | Y35: 15 | Z35: 140.43812 | AH35: 140.4295 | AI35: 140.43812 | AJ35: 140.43812 | AK35: 140.43812 | AL35: 0.0020342919 | AM35: 150.42538 | AO35: [] | AP35: [] | AQ35: [] | AR35: [] | AS35: [] | AT35: [] | AU35: [] | AV35: 150.4516 | AW35: 150.4516 | AX35: 150.4516 | AY35: 9.9977248 | AZ35: 4.2 | BA35: 1 | BB35: 2025-11-14_18h00.44.038 | BC35: word_priming_sp | BE35: 2025.1.1 | BF35: None | BG35: 2025-11-14 18h01.10.289761 +0530
B36: 14 | C36: 14 | D36: 0 | G36: _ a_pe_ | H36: carpet | I36: old | J36: carpet | K36: [np.float64(0.07284172661870504)] | L36: [np.float64(-0.2976618705035971)] | M36: [1] | N36: [0] | O36: [0] | P36: [9.482527875108644] | Q36: ['submit_text'] | V36: 0 | W36: 14 | X36: 14 | Y36: 1 | Z36: 150.4516 | AH36: 150.42737 | AI36: 150.4516 | AJ36: 150.4516 | AK36: 150.4516 | AL36: -9.9291094e-05 | AM36: 159.91012 | AN36: carpet | AO36: [np.float64(0.07284172661870504)] | AP36: [np.float64(-0.2976618705035971)] | AQ36: [1] | AR36: [0] | AS36: [0] | AT36: [9.482527875108644] | AU36: ['submit_text'] | AZ36: 4.2 | BA36: 1 | BB36: 2025-11-14_18h00.44.038 | BC36: word_priming_sp | BE36: 2025.1.1 | BF36: None | BG36: 2025-11-14 18h01.10.289761 +0530
B37: 15 | C37: 15 | D37: 0 | G37: b_gu_l_ | H37: beguile | I37: old | J37: beguile | K37: [] | L37: [] | M37: [] | N37: [] | O37: [] | P37: [] | Q37: [] | V37: 0 | W37: 15 | X37: 15 | Y37: 14 | Z37: 159.9214 | AH37: 159.91225 | AI37: 159.9214 | AJ37: 159.9214 | AK37: 159.9214 | AL37: 0.0020434579 | AM37: 169.90738 | AN37: beguile | AO37: [] | AP37: [] | AQ37: [] | AR37: [] | AS37: [] | AT37: [] | AU37: [] | AV37: 169.92003 | AW37: 169.92003 | AX37: 169.92003 | AY37: 9.9969269 | AZ37: 4.2 | BA37: 1 | BB37: 2025-11-14_18h00.44.038 | BC37: word_priming_sp | BE37: 2025.1.1 | BF37: None | BG37: 2025-11-14 18h01.10.289761 +0530
B38: 16 | C38: 16 | D38: 0 | G38: _h_ls_ | H38: whilst | I38: old | J38: phols | K38: [np.float64(0.07014388489208633)] | L38: [np.float64(-0.34172661870503596)] | M38: [1] | N38: [0] | O38: [0] | P38: [0.18256208300590515] | Q38: [None] | V38: 0 | W38: 16 | X38: 16 | Y38: 7 | Z38: 169.92003 | AH38: 169.90948 | AI38: 169.92003 | AJ38: 169.92003 | AK38: 169.92003 | AL38: -0.00072583416 | AM38: 179.90886 | AN38: phols | AO38: [np.float64(0.07014388489208633)] | AP38: [np.float64(-0.34172661870503596)] | AQ38: [1] | AR38: [0] | AS38: [0] | AT38: [0.18256208300590515] | AU38: [None] | AV38: 179.92097 | AW38: 179.92097 | AX38: 179.92097 | AY38: 9.9984254 | AZ38: 4.2 | BA38: 1 | BB38: 2025-11-14_18h00.44.038 | BC38: word_priming_sp | BE38: 2025.1.1 | BF38: None | BG38: 2025-11-14 18h01.10.289761 +0530
B39: 17 | C39: 17 | D39: 0 | G39: _i_a _io_s | H39: vicarious | I39: old | J39: vicarious | K39: [np.float64(-0.07913669064748201)] | L39: [np.float64(-0.28776978417266186)] | M39: [1] | N39: [0] | O39: [0] | P39: [8.198207250097767] | Q39: ['submit_text'] | V39: 0 | W39: 17 | X39: 17 | Y39: 19 | Z39: 179.92097 | AH39: 179.91157 | AI39: 179.92097 | AJ39: 179.92097 | AK39: 179.92097 | AL39: 0.0013639159 | AM39: 188.11004 | AN39: vicarious | AO39: [np.float64(-0.07913669064748201)] | AP39: [np.float64(-0.28776978417266186)] | AQ39: [1] | AR39: [0] | AS39: [0] | AT39: [8.198207250097767] | AU39: ['submit_text'] | AZ39: 4.2 | BA39: 1 | BB39: 2025-11-14_18h00.44.038 | BC39: word_priming_sp | BE39: 2025.1.1 | BF39: None | BG39: 2025-11-14 18h01.10.289761 +0530
B40: 18 | C40: 18 | D40: 0 | G40: la_g_ _e_ | H40: laughter | I40: old | J40: language | K40: [np.float64(-0.07913669064748201)] | L40: [np.float64(-0.28776978417266186)] | M40: [1] | N40: [0] | O40: [0] | P40: [6.297475207829848] | Q40: ['submit_text'] | V40: 0 | W40: 18 | X40: 18 | Y40: 6 | Z40: 188.12164 | AH40: 188.11229 | AI40: 188.12164 | AJ40: 188.12164 | AK40: 188.12164 | AL40: 0.002167291 | AM40: 194.41001 | AN40: language | AO40: [np.float64(-0.07913669064748201)] | AP40: [np.float64(-0.28776978417266186)] | AQ40: [1] | AR40: [0] | AS40: [0] | AT40: [6.297475207829848] | AU40: ['submit_text'] | AZ40: 4.2 | BA40: 1 | BB40: 2025-11-14_18h00.44.038 | BC40: word_priming_sp | BE40: 2025.1.1 | BF40: None | BG40: 2025-11-14 18h01.10.289761 +0530
B41: 19 | C41: 19 | D41: 0 | G41: _in_ _u_ | H41: minimum | I41: old | K41: [] | L41: [] | M41: [] | N41: [] | O41: [] | P41: [] | Q41: [] | V41: 0 | W41: 19 | X41: 19 | Y41: 8 | Z41: 194.42134 | AH41: 194.41201 | AI41: 194.42134 | AJ41: 194.42134 | AK41: 194.42134 | AL41: 0.0019101249 | AM41: 204.40844 | AO41: [] | AP41: [] | AQ41: [] | AR41: [] | AS41: [] | AT41: [] | AU41: [] | AV41: 204.41814 | AW41: 204.41814 | AX41: 204.41814 | AY41: 9.9981427 | AZ41: 4.2 | BA41: 1 | BB41: 2025-11-14_18h00.44.038 | BC41: word_priming_sp | BE41: 2025.1.1 | BF41: None | BG41: 2025-11-14 18h01.10.289761 +0530
B42: 20 | C42: 20 | D42: 0 | G42: p_ _e | H42: page | I42: new | J42: pale | K42: [np.float64(-0.051258992805755396)] | L42: [np.float64(-0.302158273381295)] | M42: [1] | N42: [0] | O42: [0] | P42: [6.165999124990776] | Q42: ['submit_text'] | V42: 0 | W42: 20 | X42: 20 | Y42: 21 | Z42: 204.41814 | AH42: 204.41021 | AI42: 204.41814 | AJ42: 204.41814 | AK42: 204.41814 | AL42: 0.00011229096 | AM42: 210.57645 | AN42: pale | AO42: [np.float64(-0.051258992805755396)] | AP42: [np.float64(-0.302158273381295)] | AQ42: [1] | AR42: [0] | AS42: [0] | AT42: [6.165999124990776] | AU42: ['submit_text'] | AZ42: 4.2 | BA42: 1 | BB42: 2025-11-14_18h00.44.038 | BC42: word_priming_sp | BE42: 2025.1.1 | BF42: None | BG42: 2025-11-14 18h01.10.289761 +0530
B43: 21 | C43: 21 | D43: 0 | G43: _ru_s_ | H43: cruise | I43: old | K43: [] | L43: [] | M43: [] | N43: [] | O43: [] | P43: [] | Q43: [] | V43: 0 | W43: 21 | X43: 21 | Y43: 9 | Z43: 210.5879 | AH43: 210.57852 | AI43: 210.5879 | AJ43: 210.5879 | AK43: 210.5879 | AL43: 0.001974792 | AM43: 220.57617 | AO43: [] | AP43: [] | AQ43: [] | AR43: [] | AS43: [] | AT43: [] | AU43: [] | AV43: 220.58722 | AW43: 220.58722 | AX43: 220.58722 | AY43: 9.999403 | AZ43: 4.2 | BA43: 1 | BB43: 2025-11-14_18h00.44.038 | BC43: word_priming_sp | BE43: 2025.1.1 | BF43: None | BG43: 2025-11-14 18h01.10.289761 +0530
B44: 22 | C44: 22 | D44: 0 | G44: sa_d_ _ c_ | H44: sandwich | I44: old | J44: sandwich | K44: [np.float64(-0.050359712230215826)] | L44: [np.float64(-0.302158273381295)] | M44: [1] | N44: [0] | O44: [0] | P44: [4.54782974999398] | Q44: ['submit_text'] | V44: 0 | W44: 22 | X44: 22 | Y44: 2 | Z44: 220.58722 | AH44: 220.57831 | AI44: 220.58722 | AJ44: 220.58722 | AK44: 220.58722 | AL44: 0.0017715001 | AM44: 225.12638 | AN44: sandwich | AO44: [np.float64(-0.050359712230215826)] | AP44: [np.float64(-0.302158273381295)] | AQ44: [1] | AR44: [0] | AS44: [0] | AT44: [4.54782974999398] | AU44: ['submit_text'] | AZ44: 4.2 | BA44: 1 | BB44: 2025-11-14_18h00.44.038 | BC44: word_priming_sp | BE44: 2025.1.1 | BF44: None | BG44: 2025-11-14 18h01.10.289761 +0530
B45: 23 | C45: 23 | D45: 0 | G45: _ui_ _ | H45: quill | I45: old | J45: quill | K45: [np.float64(-0.06115107913669065), np.float64(-0.01618705035971223)] | L45: [np.float64(-0.3660071942446043), np.float64(-0.32643884892086333)] | M45: [1, 1] | N45: [0, 0] | O45: [0, 0] | P45: [4.064290791982785, 4.964229332981631] | Q45: [None, 'submit_text'] | V45: 0 | W45: 23 | X45: 23 | Y45: 10 | Z45: 225.13773 | AH45: 225.12836 | AI45: 225.13773 | AJ45: 225.13773 | AK45: 225.13773 | AL45: 0.0018901252 | AM45: 230.09285 | AN45: quill | AO45: [np.float64(-0.06115107913669065), np.float64(-0.01618705035971223)] | AP45: [np.float64(-0.3660071942446043), np.float64(-0.32643884892086333)] | AQ45: [1, 1] | AR45: [0, 0] | AS45: [0, 0] | AT45: [4.064290791982785, 4.964229332981631] | AU45: [None, 'submit_text'] | AZ45: 4.2 | BA45: 1 | BB45: 2025-11-14_18h00.44.038 | BC45: word_priming_sp | BE45: 2025.1.1 | BF45: None | BG45: 2025-11-14 18h01.10.289761 +0530
